# Host: 127.0.0.1  (Version: 5.6.42)
# Date: 2020-11-06 16:43:11
# Generator: MySQL-Front 5.3  (Build 4.234)

/*!40101 SET NAMES utf8 */;

#
# Structure for table "czl_asset"
#

CREATE TABLE `czl_asset` (
  `asset_id` varchar(50) DEFAULT NULL COMMENT '资产id',
  `asset_type` varchar(50) DEFAULT NULL COMMENT '资产类型',
  `asset_name` varchar(50) DEFAULT NULL COMMENT '资产名称'
) ENGINE=InnoDB DEFAULT CHARSET=utf8mb4 COMMENT='存证链资产表，建立记录坐标和存证链资产id的关系';

#
# Data for table "czl_asset"
#

INSERT INTO `czl_asset` VALUES ('23423423sdfsdf','设备资产','989390000002'),('234sdfs23343223','发票凭证','/usr/xx/xxx5.jpg'),('123123sdfwerwe','用户钱包','1'),('0690c454-6b53-4687-ae7c-8a2e71bd6f09','诊断设备','985691007800'),('41940874-9599-4e31-a521-0f51b6d8ac3e','诊断设备','983541234567');

#
# Structure for table "czl_asset_record"
#

CREATE TABLE `czl_asset_record` (
  `asset_id` varchar(50) DEFAULT NULL COMMENT '资产id',
  `record_type` varchar(50) DEFAULT NULL COMMENT '记录类型',
  `record_id` varchar(50) DEFAULT NULL COMMENT '记录对应的值',
  `meta_hash` varchar(50) DEFAULT NULL COMMENT '记录hash值',
  `class_name` varchar(50) DEFAULT NULL COMMENT 'JSON对应的类'
) ENGINE=InnoDB DEFAULT CHARSET=utf8mb4 COMMENT='通过资产id和记录hash值关联存证链记录，通过表坐标对应记录';

#
# Data for table "czl_asset_record"
#

INSERT INTO `czl_asset_record` VALUES ('0690c454-6b53-4687-ae7c-8a2e71bd6f09','设备变更记录','1','4c7f4d335dbc7c39015a75b57a44c43f','CzlAssetRecord'),('41940874-9599-4e31-a521-0f51b6d8ac3e','设备变更记录','2','fe80add7d187722a85623a440129c02f','CzlOperateLog');

#
# Structure for table "czl_operate_log"
#

CREATE TABLE `czl_operate_log` (
  `id` int(11) NOT NULL AUTO_INCREMENT COMMENT '日志id',
  `record_type` varchar(50) DEFAULT NULL COMMENT '记录类型',
  `record_id` varchar(50) DEFAULT NULL COMMENT '记录对应的值',
  `json_data` varchar(5000) DEFAULT NULL COMMENT 'json原始数据',
  `create_date` datetime DEFAULT NULL COMMENT '创建时间',
  PRIMARY KEY (`id`)
) ENGINE=InnoDB AUTO_INCREMENT=3 DEFAULT CHARSET=utf8mb4 ROW_FORMAT=DYNAMIC COMMENT='业务表修改记录，通过表坐标对应记录';

#
# Data for table "czl_operate_log"
#

INSERT INTO `czl_operate_log` VALUES (1,'诊断设备','985691007800','{device:{}}','2018-11-06 19:58:31'),(2,'诊断设备','983541234567','{\"id\":14,\"serialNo\":\"983541234567\",\"deviceType\":\"PADVI\",\"deviceGroupId\":1,\"location\":\"广东省深圳市龙岗区五和大道4018\",\"voucher\":\"/20180930170128-123321.png\",\"status\":0,\"createTime\":\"Sep 30, 2018 5:01:28 PM\",\"updateTime\":\"Sep 30, 2018 5:01:28 PM\"}','2018-11-13 17:58:31');

#
# Structure for table "czl_record_type"
#

CREATE TABLE `czl_record_type` (
  `id` varchar(50) DEFAULT NULL COMMENT '记录id',
  `record_type` varchar(50) DEFAULT NULL COMMENT '记录类型',
  `table_name` varchar(50) DEFAULT NULL COMMENT '资产所在表',
  `field_name` varchar(50) DEFAULT NULL COMMENT '资产所在字段'
) ENGINE=InnoDB DEFAULT CHARSET=utf8mb4 ROW_FORMAT=DYNAMIC COMMENT='存证链记录类型，对应相关的表';

#
# Data for table "czl_record_type"
#

INSERT INTO `czl_record_type` VALUES ('1','设备变更记录','czl_operate_log','id\r\n'),('2','发票凭证','device','voucher'),('3','用户钱包','user','id'),('4','诊断设备','device','serial_no'),('5','用户订单记录','user_order','order_id'),('6','用户消费记录','user_consumer_record','order_id');

#
# Structure for table "device"
#

CREATE TABLE `device` (
  `id` bigint(20) NOT NULL AUTO_INCREMENT,
  `serial_no` varchar(100) DEFAULT NULL COMMENT '设备序列号',
  `device_type` varchar(50) DEFAULT NULL COMMENT '设备类型',
  `device_group_id` bigint(10) DEFAULT NULL COMMENT '设备分组ID',
  `location` varchar(300) DEFAULT NULL COMMENT '设备位置',
  `owner` varchar(100) DEFAULT NULL COMMENT '设备所有者',
  `voucher` varchar(200) DEFAULT NULL COMMENT '设备凭证(图片或压缩包地址)',
  `allocation_id` varchar(70) DEFAULT NULL COMMENT '分配关联关系id',
  `remark` varchar(300) DEFAULT NULL,
  `status` int(1) DEFAULT NULL,
  `create_user_id` varchar(50) DEFAULT NULL,
  `create_time` datetime DEFAULT NULL,
  `update_user_id` varchar(50) DEFAULT NULL,
  `update_time` datetime DEFAULT NULL,
  PRIMARY KEY (`id`)
) ENGINE=InnoDB AUTO_INCREMENT=16 DEFAULT CHARSET=utf8mb4 COMMENT='设备表';

#
# Data for table "device"
#

INSERT INTO `device` VALUES (1,'985691007800','X431PADIII',1,'广东省深圳市龙岗区五和大道4018',NULL,'/20180930170128-123321.png',NULL,NULL,0,NULL,'2018-09-30 17:01:28',NULL,'2018-09-30 17:01:28'),(15,'986490000300','X431HDIII',2,'广东省深圳市龙岗区雪岗北路227号',NULL,'/20181218201038-986490000300.jpg',NULL,NULL,0,NULL,'2018-12-18 20:10:39',NULL,'2018-12-18 20:10:39');

#
# Structure for table "device_group"
#

CREATE TABLE `device_group` (
  `id` bigint(20) NOT NULL AUTO_INCREMENT COMMENT '主键',
  `group_name` varchar(50) DEFAULT NULL COMMENT '组名',
  `remark` varchar(200) DEFAULT NULL,
  `status` int(1) DEFAULT NULL,
  `update_user_id` varchar(50) DEFAULT NULL,
  `update_time` datetime DEFAULT NULL,
  PRIMARY KEY (`id`)
) ENGINE=InnoDB AUTO_INCREMENT=11 DEFAULT CHARSET=utf8mb4 COMMENT='设备所在分组';

#
# Data for table "device_group"
#

INSERT INTO `device_group` VALUES (1,'A区',NULL,0,NULL,'2018-09-30 14:02:22'),(2,'B区',NULL,0,NULL,'2018-10-09 10:53:07'),(3,'B区',NULL,0,NULL,'2018-10-09 10:53:48'),(4,'C区',NULL,0,NULL,'2018-10-09 10:54:32'),(5,'C区',NULL,0,NULL,'2018-10-09 10:56:36'),(6,'分组D',NULL,0,NULL,'2018-10-09 11:04:09'),(7,'D区',NULL,0,NULL,'2018-10-09 11:05:27'),(8,'E区',NULL,0,NULL,'2018-10-09 11:15:37'),(9,'试试',NULL,0,NULL,'2018-12-21 10:30:03'),(10,'AAfz',NULL,0,NULL,'2019-01-19 10:31:39');

#
# Structure for table "diag_soft"
#

CREATE TABLE `diag_soft` (
  `soft_id` bigint(20) NOT NULL COMMENT '软件ID',
  `pdt_type_id` bigint(20) DEFAULT NULL COMMENT '产品类型ID',
  `soft_name` varchar(50) DEFAULT NULL COMMENT '软件名称',
  `is_active` int(1) DEFAULT '0' COMMENT '是否上架（0是，1否）默认上架',
  `soft_applicable_area` varchar(50) DEFAULT NULL COMMENT '软件适用区域(名称)',
  `status` int(1) DEFAULT NULL,
  `update_user_id` varchar(50) DEFAULT NULL,
  `update_time` datetime DEFAULT NULL,
  UNIQUE KEY `diag_soft_soft_id_index` (`soft_id`) USING BTREE
) ENGINE=InnoDB DEFAULT CHARSET=utf8mb4 COMMENT='车型软件表';

#
# Data for table "diag_soft"
#

INSERT INTO `diag_soft` VALUES (22483,843,'BEIQIZY',0,'国产车系',0,NULL,NULL),(22484,843,'DFLEZY',0,'重型车系',0,NULL,NULL),(22485,843,'AOKESI',0,'国产车系',0,NULL,NULL),(22486,843,'BAOLONG',0,'国产车系',0,NULL,NULL),(22487,843,'CHANGCHENG',0,'国产车系',0,NULL,NULL),(22488,843,'CHANGFENG',0,'国产车系',0,NULL,NULL),(22489,843,'CHSUZUKI',0,'国产车系',0,NULL,NULL),(22490,843,'DAEWOO',0,'亚洲车系',0,NULL,NULL),(22491,843,'DFBF',0,'国产车系',0,NULL,NULL),(22492,843,'DFHONDA',0,'国产车系',0,NULL,NULL),(22493,843,'FUDI',0,'国产车系',0,NULL,NULL),(22494,843,'HUACHEN',0,'国产车系',0,NULL,NULL),(22495,843,'SAICROEWE',0,'国产车系',0,NULL,NULL),(22496,843,'LEXUS',0,'亚洲车系',0,NULL,NULL),(22497,843,'TIANYE',0,'国产车系',0,NULL,NULL),(22498,843,'FORD',0,'澳洲车系',0,NULL,NULL),(22499,843,'YQJC',0,'国产车系',0,NULL,NULL),(22500,843,'ZHONGXING',0,'国产车系',0,NULL,NULL),(22501,843,'TJTOYOTA',0,'国产车系',0,NULL,NULL),(22502,843,'UFO',0,'国产车系',0,NULL,NULL),(22503,843,'HAFEIZY',0,'国产车系',0,NULL,NULL),(22504,843,'SHUGUANGZY',0,'国产车系',0,NULL,NULL),(22505,843,'MYXINCHEN',0,'国产车系',0,NULL,NULL),(22506,843,'AUTOSEARCH',0,'公共',0,NULL,NULL),(22507,843,'QRWHZY',0,'国产车系',0,NULL,NULL),(22508,843,'KINGLONG',0,'国产车系',0,NULL,NULL),(22509,843,'RESETSAS',0,'特殊功能',0,NULL,NULL),(22510,843,'KAWEIZY',0,'国产车系',0,NULL,NULL),(22511,843,'YINXIANG',0,'国产车系',0,NULL,NULL),(22512,843,'BAIC',0,'国产车系',0,NULL,NULL),(22513,843,'CHLMZY',0,'国产车系',0,NULL,NULL),(22514,843,'INDIANTATA',0,'亚洲车系',0,NULL,NULL),(22515,843,'COWINZY',0,'国产车系',0,NULL,NULL),(22516,843,'BEIQI_TY',0,'国产车系',0,NULL,NULL),(22517,843,'SAIPA',0,'亚洲车系',0,NULL,NULL),(22518,843,'BENTLEY',0,'欧洲车系',0,NULL,NULL),(22519,843,'CHUANQIZY',0,'国产车系',0,NULL,NULL),(22520,843,'TOBEZY',0,'亚洲车系',0,NULL,NULL),(22521,843,'MYXCTY',0,'国产车系',0,NULL,NULL),(22522,843,'CALM',0,'国产车系',0,NULL,NULL),(22523,843,'ALTO',0,'国产车系',0,NULL,NULL),(22524,843,'DADI',0,'国产车系',0,NULL,NULL),(22525,843,'DEMO',0,'公共',0,NULL,NULL),(22526,843,'EUROFORD',0,'欧洲车系',0,NULL,NULL),(22527,843,'HANJIANG',0,'国产车系',0,NULL,NULL),(22528,843,'HTJT',0,'国产车系',0,NULL,NULL),(22529,843,'HUAYANG',0,'国产车系',0,NULL,NULL),(22530,843,'LUFENG',0,'国产车系',0,NULL,NULL),(22531,843,'JACTY',0,'国产车系',0,NULL,NULL),(22532,843,'MARUTI',0,'亚洲车系',0,NULL,NULL),(22533,843,'PERODUA',0,'亚洲车系',0,NULL,NULL),(22534,843,'VAZ',0,'欧洲车系',0,NULL,NULL),(22535,843,'PORSCHE',0,'欧洲车系',0,NULL,NULL),(22536,843,'YANGCHENG',0,'国产车系',0,NULL,NULL),(22537,843,'QIRUI_TY',0,'国产车系',0,NULL,NULL),(22538,843,'GMSA',0,'南非车系',0,NULL,NULL),(22539,843,'IRKIA',0,'亚洲车系',0,NULL,NULL),(22540,843,'SHUANGHUAN',0,'国产车系',0,NULL,NULL),(22541,843,'ZZMAZDA',0,'国产车系',0,NULL,NULL),(22543,843,'DFWKZY',0,'国产车系',0,NULL,NULL),(22544,843,'CALMZY',0,'国产车系',0,NULL,NULL),(22545,843,'RESETBRAKE',0,'特殊功能',0,NULL,NULL),(22546,843,'SAMSUNG',0,'亚洲车系',0,NULL,NULL),(22547,843,'DFWK',0,'国产车系',0,NULL,NULL),(22548,843,'ECUAID',0,'国产车系',0,NULL,NULL),(22549,843,'MASERATI',0,'欧洲车系',0,NULL,NULL),(22550,843,'RESETGEAR',0,'特殊功能',0,NULL,NULL),(22551,843,'CHCHEVROLET',0,'国产车系',0,NULL,NULL),(22552,843,'DODGE',0,'美洲车系',0,NULL,NULL),(22553,843,'LINCOLN',0,'美洲车系',0,NULL,NULL),(22554,843,'CHEVROLET',0,'美洲车系',0,NULL,NULL),(22555,843,'CADILLAC',0,'美洲车系',0,NULL,NULL),(22556,843,'LEAHEADZY',0,'国产车系',0,NULL,NULL),(22557,843,'ABARTH',0,'欧洲车系',0,NULL,NULL),(22558,843,'KOREAKIA',0,'亚洲车系',0,NULL,NULL),(22559,843,'JIANGLINGZY',0,'国产车系',0,NULL,NULL),(22560,843,'BMW',0,'欧洲车系',0,NULL,NULL),(22561,843,'CHDAIHATSUTY',0,'国产车系',0,NULL,NULL),(22562,843,'CQISUZU',0,'国产车系',0,NULL,NULL),(22563,843,'DFCNG_TY',0,'国产车系',0,NULL,NULL),(22564,843,'GM',0,'美洲车系',0,NULL,NULL),(22565,843,'SEAT',0,'欧洲车系',0,NULL,NULL),(22566,843,'XINTIANDI',0,'国产车系',0,NULL,NULL),(22567,843,'MINI',0,'欧洲车系',0,NULL,NULL),(22568,843,'ISUZU',0,'国产车系',0,NULL,NULL),(22569,843,'JINLONG',0,'国产车系',0,NULL,NULL),(22570,843,'TIANMA',0,'国产车系',0,NULL,NULL),(22571,843,'SHVW',0,'国产车系',0,NULL,NULL),(22572,843,'SPARK_TY',0,'国产车系',0,NULL,NULL),(22573,843,'USAFORD',0,'美洲车系',0,NULL,NULL),(22574,843,'LANCIA',0,'欧洲车系',0,NULL,NULL),(22575,843,'PEUGEOT',0,'欧洲车系',0,NULL,NULL),(22576,843,'SUZUKI',0,'亚洲车系',0,NULL,NULL),(22577,843,'ZZNISSAN',0,'国产车系',0,NULL,NULL),(22578,843,'HM',0,'亚洲车系',0,NULL,NULL),(22579,843,'CHZY',0,'国产车系',0,NULL,NULL),(22580,843,'MYHRZY',0,'国产车系',0,NULL,NULL),(22582,843,'QIRUI',0,'国产车系',0,NULL,NULL),(22583,843,'LIFANZY',0,'国产车系',0,NULL,NULL),(22584,843,'RESETOIL',0,'特殊功能',0,NULL,NULL),(22585,843,'HIGER',0,'国产车系',0,NULL,NULL),(22586,843,'ZHONGXINGZHY',0,'国产车系',0,NULL,NULL),(22588,843,'MALAYSIA PROTON',0,'亚洲车系',0,NULL,NULL),(22589,843,'NJYWK',0,'国产车系',0,NULL,NULL),(22590,843,'KINGLONGTY',0,'国产车系',0,NULL,NULL),(22591,843,'BQWW',0,'国产车系',0,NULL,NULL),(22592,843,'CHUANQI',0,'国产车系',0,NULL,NULL),(22593,843,'RESETIMMO',0,'特殊功能',0,NULL,NULL),(22594,843,'MAYBACH',0,'欧洲车系',0,NULL,NULL),(22595,843,'JACMINITRUCKZY',0,'国产车系',0,NULL,NULL),(22596,843,'UAZ',0,'欧洲车系',0,NULL,NULL),(22597,843,'ZAZ',0,'欧洲车系',0,NULL,NULL),(22598,843,'PAZ',0,'欧洲车系',0,NULL,NULL),(22599,843,'HD_MAZ',0,'欧洲车系',0,NULL,NULL),(22600,843,'HD_KAMAZ',0,'欧洲车系',0,NULL,NULL),(22601,843,'IRCITROEN',0,'亚洲车系',0,NULL,NULL),(22602,843,'KOREAHYUNDAI',0,'亚洲车系',0,NULL,NULL),(22603,843,'LUXGEN',0,'亚洲车系',0,NULL,NULL),(22604,843,'TOYOTA',0,'亚洲车系',0,NULL,NULL),(22605,843,'VW',0,'欧洲车系',0,NULL,NULL),(22606,843,'CHANGAN',0,'国产车系',0,NULL,NULL),(22607,843,'AUDI',1,'欧洲车系',0,NULL,'2019-03-07 11:36:35'),(22608,843,'CITROEN',0,'欧洲车系',0,NULL,NULL),(22609,843,'DFXK',0,'国产车系',0,NULL,NULL),(22610,843,'FUQI',0,'国产车系',0,NULL,NULL),(22611,843,'FUTIAN',0,'国产车系',0,NULL,NULL),(22612,843,'FZMAZDA',0,'国产车系',0,NULL,NULL),(22613,843,'HCBMW',0,'国产车系',0,NULL,NULL),(22614,843,'HONDA',0,'亚洲车系',0,NULL,NULL),(22615,843,'LANDROVER',0,'欧洲车系',0,NULL,NULL),(22616,843,'LIUWEI_TY',0,'国产车系',0,NULL,NULL),(22617,843,'XINKAI',0,'国产车系',0,NULL,NULL),(22618,843,'YQMAZDA',0,'国产车系',0,NULL,NULL),(22619,843,'BXFIAT',0,'美洲车系',0,NULL,NULL),(22620,843,'SMART',0,'欧洲车系',0,NULL,NULL),(22621,843,'ZHENGZHOUHMAZDA',0,'国产车系',0,NULL,NULL),(22622,843,'YANGZI',0,'国产车系',0,NULL,NULL),(22623,843,'JPISUZU',0,'亚洲车系',0,NULL,NULL),(22624,843,'KIA',0,'亚洲车系',0,NULL,NULL),(22625,843,'XINDADI',0,'国产车系',0,NULL,NULL),(22626,843,'FUKANG',0,'国产车系',0,NULL,NULL),(22627,843,'JINANYUNBAO',0,'国产车系',0,NULL,NULL),(22628,843,'RENAULT',0,'欧洲车系',0,NULL,NULL),(22629,843,'SKODA',0,'欧洲车系',0,NULL,NULL),(22630,843,'SPRINTER',0,'欧洲车系',0,NULL,NULL),(22631,843,'JINCHENG',0,'国产车系',0,NULL,NULL),(22632,843,'ROVER',0,'欧洲车系',0,NULL,NULL),(22633,843,'TONGBAO',0,'国产车系',0,NULL,NULL),(22634,843,'HMAZDA_ZY',0,'国产车系',0,NULL,NULL),(22635,843,'ZZNISSANZY',0,'国产车系',0,NULL,NULL),(22636,843,'WEILI',0,'国产车系',0,NULL,NULL),(22637,843,'RELY',0,'国产车系',0,NULL,NULL),(22638,843,'QNLHZY',0,'国产车系',0,NULL,NULL),(22639,843,'INDIANMARUTI',0,'亚洲车系',0,NULL,NULL),(22640,843,'INDIANMAHINDRA',0,'亚洲车系',0,NULL,NULL),(22641,843,'MALAYSIA PERODUA',0,'亚洲车系',0,NULL,NULL),(22642,843,'AUSTHOLDEN',0,'澳洲车系',0,NULL,NULL),(22643,843,'CHANGCHAIZY',0,'重型车系',0,NULL,NULL),(22644,843,'RELY_TY',0,'国产车系',0,NULL,NULL),(22645,843,'HD_YAXINGZY',0,'重型车系',0,NULL,NULL),(22646,843,'RIICH_TY',0,'国产车系',0,NULL,NULL),(22647,843,'HIGER_TY',0,'国产车系',0,NULL,NULL),(22648,843,'RESETINJEC',0,'特殊功能',0,NULL,NULL),(22649,843,'JEEP',0,'美洲车系',0,NULL,NULL),(22650,843,'BUICK',0,'美洲车系',0,NULL,NULL),(22651,843,'BUGATTI',0,'欧洲车系',0,NULL,NULL),(22652,843,'RESETTPMS',0,'特殊功能',0,NULL,NULL),(22653,843,'DFXKZY',0,'国产车系',0,NULL,NULL),(22654,843,'EOBD2',0,'公共',0,NULL,NULL),(22655,843,'BJXD',0,'国产车系',0,NULL,NULL),(22656,843,'HAFEI',0,'国产车系',0,NULL,NULL),(22657,843,'HAOQING',0,'国产车系',0,NULL,NULL),(22658,843,'LIFAN',0,'国产车系',0,NULL,NULL),(22659,843,'MAHINDRA',0,'亚洲车系',0,NULL,NULL),(22660,843,'NISSAN',0,'亚洲车系',0,NULL,NULL),(22661,843,'XIALI',0,'国产车系',0,NULL,NULL),(22662,843,'ZHONGSHUN',0,'国产车系',0,NULL,NULL),(22663,843,'XGHC',0,'国产车系',0,NULL,NULL),(22664,843,'VAUXHALL',0,'欧洲车系',0,NULL,NULL),(22665,843,'TATA',0,'亚洲车系',0,NULL,NULL),(22666,843,'ROMEO',0,'欧洲车系',0,NULL,NULL),(22667,843,'SAIBAO',0,'国产车系',0,NULL,NULL),(22669,843,'HUACHENZY',0,'国产车系',0,NULL,NULL),(22670,843,'KARRY',0,'国产车系',0,NULL,NULL),(22671,843,'BJCAZY',0,'国产车系',0,NULL,NULL),(22673,843,'RIICH',0,'国产车系',0,NULL,NULL),(22675,843,'JAC',0,'国产车系',0,NULL,NULL),(22677,843,'RESETBMS',0,'特殊功能',0,NULL,NULL),(22678,843,'HD_ECU',0,'未划分',0,NULL,NULL),(22679,843,'HUIZHONG',0,'国产车系',0,NULL,NULL),(22680,843,'CHBUICK',0,'国产车系',0,NULL,NULL),(22681,843,'AUSTFORD',0,'澳洲车系',0,NULL,NULL),(22682,843,'IZH',0,'欧洲车系',0,NULL,NULL),(22683,843,'ACURA',0,'亚洲车系',0,NULL,NULL),(22684,843,'BQZZ',0,'国产车系',0,NULL,NULL),(22685,843,'CHANGANFORD',0,'国产车系',0,NULL,NULL),(22686,843,'JIQINGZY',0,'国产车系',0,NULL,NULL),(22687,843,'BENZ',0,'欧洲车系',0,NULL,NULL),(22688,843,'CHANGHE',0,'国产车系',0,NULL,NULL),(22689,843,'DFNISSAN',0,'国产车系',0,NULL,NULL),(22690,843,'DFPEUGEOT',0,'国产车系',0,NULL,NULL),(22691,843,'FIAT',0,'欧洲车系',0,NULL,NULL),(22692,843,'GZHONDA',0,'国产车系',0,NULL,NULL),(22693,843,'HANGTIANMIT_TY',0,'国产车系',0,NULL,NULL),(22694,843,'HEIBAO',0,'国产车系',0,NULL,NULL),(22695,843,'SGM',0,'国产车系',0,NULL,NULL),(22696,843,'WANTONG',0,'国产车系',0,NULL,NULL),(22697,843,'SAICMG',0,'国产车系',0,NULL,NULL),(22698,843,'YUEJIN',0,'国产车系',0,NULL,NULL),(22699,843,'YOUNGLOTUS',0,'国产车系',0,NULL,NULL),(22700,843,'MAZDA',0,'亚洲车系',0,NULL,NULL),(22701,843,'YIZHONG',0,'国产车系',0,NULL,NULL),(22702,843,'MEIYA',0,'国产车系',0,NULL,NULL),(22703,843,'ZHONGTAI',0,'国产车系',0,NULL,NULL),(22704,843,'JAGUAR',0,'欧洲车系',0,NULL,NULL),(22705,843,'JIANGHUAI',0,'国产车系',0,NULL,NULL),(22706,843,'OPEL',0,'欧洲车系',0,NULL,NULL),(22708,843,'LIEBAOZY',0,'国产车系',0,NULL,NULL),(22709,843,'NJCAZY',0,'国产车系',0,NULL,NULL),(22710,843,'CHANGCHENGZY',0,'国产车系',0,NULL,NULL),(22711,843,'DFAC',0,'国产车系',0,NULL,NULL),(22712,843,'IKCO',0,'亚洲车系',0,NULL,NULL),(22713,843,'ROLLSROYCE',0,'欧洲车系',0,NULL,NULL),(22714,843,'BEILV',0,'国产车系',0,NULL,NULL),(22715,843,'VOLVO',0,'欧洲车系',0,NULL,NULL),(22716,843,'CHRYSLER',0,'美洲车系',0,NULL,NULL),(22717,843,'DAIHATSU',0,'亚洲车系',0,NULL,NULL),(22718,843,'DFFX',0,'国产车系',0,NULL,NULL),(22719,843,'DONGNAN',0,'国产车系',0,NULL,NULL),(22720,843,'FLYER',0,'国产车系',0,NULL,NULL),(22721,843,'FZQICHE',0,'国产车系',0,NULL,NULL),(22722,843,'HBQC',0,'国产车系',0,NULL,NULL),(22723,843,'HMAZDA',0,'国产车系',0,NULL,NULL),(22724,843,'HUAPU',0,'国产车系',0,NULL,NULL),(22725,843,'HYUNDAI',0,'亚洲车系',0,NULL,NULL),(22726,843,'INDONESIADAIHATSU',0,'亚洲车系',0,NULL,NULL),(22727,843,'JIQING',0,'国产车系',0,NULL,NULL),(22728,843,'PROTON',0,'亚洲车系',0,NULL,NULL),(22729,843,'BXGM',0,'美洲车系',0,NULL,NULL),(22730,843,'SHUGUANG',0,'国产车系',0,NULL,NULL),(22731,843,'SUBARU',0,'亚洲车系',0,NULL,NULL),(22732,843,'SSANGYONG',0,'亚洲车系',0,NULL,NULL),(22733,843,'YQVW',0,'国产车系',0,NULL,NULL),(22734,843,'YQEF',0,'国产车系',0,NULL,NULL),(22736,843,'TJYQZY',0,'国产车系',0,NULL,NULL),(22737,843,'JILIZY',0,'国产车系',0,NULL,NULL),(22738,843,'JOYLONG',0,'国产车系',0,NULL,NULL),(22739,843,'JACDGNCZY',0,'国产车系',0,NULL,NULL),(22740,843,'JIACHUANZY',0,'国产车系',0,NULL,NULL),(22742,843,'KARRY_TY',0,'国产车系',0,NULL,NULL),(22743,843,'HD_ABS',0,'未划分',0,NULL,NULL),(22744,843,'FERRARI',0,'欧洲车系',0,NULL,NULL),(22745,843,'GWMPTEST',0,'国产车系',0,NULL,NULL),(22746,843,'GWMDTEST',0,'国产车系',0,NULL,NULL),(22747,843,'CHCADILLAC',0,'国产车系',0,NULL,NULL),(22748,843,'JACPICKUPZY',0,'国产车系',0,NULL,NULL),(22749,843,'CHANGCHENGNRJZY',0,'国产车系',0,NULL,NULL),(22750,843,'KESENS',0,'国产车系',0,NULL,NULL),(22751,843,'SEAZ',0,'欧洲车系',0,NULL,NULL),(22752,843,'IRPEUGEOT',0,'亚洲车系',0,NULL,NULL),(22753,843,'BJJEEP',0,'国产车系',0,NULL,NULL),(22754,843,'INFINITI',0,'亚洲车系',0,NULL,NULL),(22755,843,'HOLDEN',0,'澳洲车系',0,NULL,NULL),(22756,843,'DACIA',0,'欧洲车系',0,NULL,NULL),(22757,843,'NJFIAT',0,'国产车系',0,NULL,NULL),(22758,843,'WANFENG',0,'国产车系',0,NULL,NULL),(22759,843,'MITSUBISHI',0,'亚洲车系',0,NULL,NULL),(22760,843,'SAAB',0,'欧洲车系',0,NULL,NULL),(22761,843,'DONGFENGFS',0,'国产车系',0,NULL,NULL),(22762,843,'TLISUZU',0,'亚洲车系',0,NULL,NULL),(22763,843,'GAZ',0,'欧洲车系',0,NULL,NULL),(22764,843,'NJXYTTY',0,'国产车系',0,NULL,NULL),(22765,843,'NJYWKTY',0,'国产车系',0,NULL,NULL),(22766,843,'YQHTTY',0,'国产车系',0,NULL,NULL),(22767,843,'YUEDA',0,'国产车系',0,NULL,NULL),(22768,843,'JIAO',0,'国产车系',0,NULL,NULL),(22769,843,'CHDAIHATSU',0,'国产车系',0,NULL,NULL),(22770,843,'JOYLONGZY',0,'国产车系',0,NULL,NULL),(22771,843,'DFFXZY',0,'国产车系',0,NULL,NULL),(22773,843,'ZHONGTAIZY',0,'国产车系',0,NULL,NULL),(22775,843,'QIRUIXNYZY',0,'国产车系',0,NULL,NULL),(22776,843,'HCXY',0,'国产车系',0,NULL,NULL),(22777,843,'QIRUIXNY_TY',0,'国产车系',0,NULL,NULL),(22778,843,'GQMITSUBISHI',0,'国产车系',0,NULL,NULL),(22779,843,'RESETODO',0,'特殊功能',0,NULL,NULL),(22780,843,'RESETBLEED',0,'特殊功能',0,NULL,NULL),(22782,843,'RESETDPF',0,'特殊功能',0,NULL,NULL),(23361,843,'COWIN_TY',0,'国产车系',0,NULL,NULL),(23390,843,'QRWH_TY',0,'国产车系',0,NULL,NULL),(23418,843,'KAWEI_TY',0,'国产车系',0,NULL,NULL),(23512,843,'MYHRTY',0,'国产车系',0,NULL,NULL),(28386,1133,'HD_DFLZ',0,'未划分',0,NULL,NULL),(28387,1133,'HD_ISUZU',1,'未划分',0,NULL,'2019-02-16 16:45:24'),(28389,1133,'HD_CHAOCHAI',0,'国产车系',0,NULL,NULL),(28390,1133,'HD_SUNLONG',0,'重型车系',0,NULL,NULL),(28391,1133,'HD_DAYUN',0,'未划分',0,NULL,NULL),(28392,1133,'GUANGQIHINO',0,'国产车系',0,NULL,NULL),(28393,1133,'YUNNEI',0,'重型车系',0,NULL,NULL),(28394,1133,'HD_ASHOK_LEYLAND',0,'亚洲车系',0,NULL,NULL),(28395,1133,'HD_KENWORTH',0,'未划分',0,NULL,NULL),(28396,1133,'HD_DEMO',0,'公共',0,NULL,NULL),(28397,1133,'HD_DETROIT',0,'未划分',0,NULL,NULL),(28398,1133,'DIESEL',0,'重型车系',0,NULL,NULL),(28399,1133,'HD_ZHONGTONG',0,'重型车系',0,NULL,NULL),(28400,1133,'HD_CHANGAN',0,'未划分',0,NULL,NULL),(28401,1133,'HD_VOLVO',0,'重型车系',0,NULL,NULL),(28402,1133,'CAMC',0,'重型车系',0,NULL,NULL),(28403,1133,'HD_ALLISON',0,'国产车系',0,NULL,NULL),(28404,1133,'HD_IRIZAR',0,'未划分',0,NULL,NULL),(28405,1133,'DS_GM',0,'重型车系',0,NULL,NULL),(28406,1133,'HD_BREMACH',0,'国产车系',0,NULL,NULL),(28407,1133,'SHACMAN',0,'重型车系',0,NULL,NULL),(28408,1133,'HD_FREIGHTLINER',0,'未划分',0,NULL,NULL),(28409,1133,'JAC_HD',0,'未划分',0,NULL,NULL),(28410,1133,'HD_ABS',0,'未划分',0,NULL,NULL),(28411,1133,'DELPHI',0,'重型车系',0,NULL,NULL),(28412,1133,'HD_MAN',0,'未划分',0,NULL,NULL),(28413,1133,'HD_JAC_LIGHT',0,'未划分',0,NULL,NULL),(28414,1133,'HD_BENZ',0,'未划分',0,NULL,NULL),(28415,1133,'KOBELCO',0,'重型车系',0,NULL,NULL),(28416,1133,'CUMMINS',0,'重型车系',0,NULL,NULL),(28417,1133,'BEIBEN',0,'重型车系',0,NULL,NULL),(28418,1133,'HD_SCR',0,'重型车系',0,NULL,NULL),(28419,1133,'HD_CATERPILLAR',0,'美洲车系',0,NULL,NULL),(28420,1133,'HD_YUFENG',0,'重型车系',0,NULL,NULL),(28421,1133,'DS_USAFORD',0,'重型车系',0,NULL,NULL),(28422,1133,'DS_SPRINTER',0,'重型车系',0,NULL,NULL),(28423,1133,'HD_YANGCHAI',0,'重型车系',0,NULL,NULL),(28424,1133,'YAXING',0,'重型车系',0,NULL,NULL),(28425,1133,'DFYYC',0,'重型车系',0,NULL,NULL),(28427,1133,'MACK',0,'重型车系',0,NULL,NULL),(28428,1133,'HD_DOOSAN',0,'亚洲车系',0,NULL,NULL),(28429,1133,'HD_SUNWIN',0,'重型车系',0,NULL,NULL),(28430,1133,'HD_INTERNATIONAL',0,'未划分',0,NULL,NULL),(28431,1133,'DFACZY',0,'重型车系',0,NULL,NULL),(28432,1133,'HD_KINGLONG',0,'未划分',0,NULL,NULL),(28433,1133,'YUCHAI',0,'重型车系',0,NULL,NULL),(28434,1133,'HD_PETERBILT',0,'重型车系',0,NULL,NULL),(28435,1133,'HD_HIGER',0,'国产车系',0,NULL,NULL),(28436,1133,'HD_ERF',0,'国产车系',0,NULL,NULL),(28437,1133,'HD_IVECO',0,'欧洲车系',0,NULL,NULL),(28438,1133,'FOTONAUMAN',0,'国产车系',0,NULL,NULL),(28439,1133,'HD_HYUNDAI',0,'国产车系',0,NULL,NULL),(28440,1133,'HD_CREDO',0,'国产车系',0,NULL,NULL),(28441,1133,'SIEMENS_DIESEL',0,'重型车系',0,NULL,NULL),(28442,1133,'HD_WESTERN_STAR',0,'重型车系',0,NULL,NULL),(28443,1133,'HD_XICHAI',0,'重型车系',0,NULL,NULL),(28444,1133,'HONGYAN',0,'重型车系',0,NULL,NULL),(28445,1133,'SINOTRUK',0,'重型车系',0,NULL,NULL),(28446,1133,'SHAOLINAUTO',0,'重型车系',0,NULL,NULL),(28447,1133,'HD_WABCO_ABS',0,'重型车系',0,NULL,NULL),(28448,1133,'SHANGHAIHINO',0,'重型车系',0,NULL,NULL),(28449,1133,'HD_LAIDONG',0,'国产车系',0,NULL,NULL),(28450,1133,'DENSO_DIESEL',0,'重型车系',0,NULL,NULL),(28451,1133,'HD_QUANCHAITY',0,'重型车系',0,NULL,NULL),(28452,1133,'HD_ASTRA',0,'国产车系',0,NULL,NULL),(28453,1133,'HD_KAMAZ',0,'欧洲车系',0,NULL,NULL),(28454,1133,'HD_FUSO',0,'未划分',0,NULL,NULL),(28455,1133,'HD_DFAC',0,'重型车系',0,NULL,NULL),(28457,1133,'HD_NEOPLAN',0,'国产车系',0,NULL,NULL),(28458,1133,'HD_STERLING',0,'重型车系',0,NULL,NULL),(28459,1133,'HUANGHAI',0,'重型车系',0,NULL,NULL),(28460,1133,'HD_CHANGCHAI',0,'国产车系',0,NULL,NULL),(28461,1133,'HD_GOLDENDRAGON',0,'国产车系',0,NULL,NULL),(28462,1133,'ANKAI',0,'重型车系',0,NULL,NULL),(28463,1133,'HD_BONLUCK',0,'国产车系',0,NULL,NULL),(28464,1133,'SHANGCHAI',0,'重型车系',0,NULL,NULL),(28465,1133,'HD_WAW',0,'重型车系',0,NULL,NULL),(28466,1133,'HD_MACHINERY',0,'未划分',0,NULL,NULL),(28467,1133,'SCANIA',0,'重型车系',0,NULL,NULL),(28468,1133,'SILVERBUS',0,'重型车系',0,NULL,NULL),(28469,1133,'HD_WUZHOULONG',0,'重型车系',0,NULL,NULL),(28470,1133,'HD_RENAULT',0,'重型车系',0,NULL,NULL),(28471,1133,'HD_SETRA',0,'重型车系',0,NULL,NULL),(28472,1133,'HD_SITCAR',0,'重型车系',0,NULL,NULL),(28473,1133,'HD_HINO',0,'未划分',0,NULL,NULL),(28474,1133,'HD_OBD',0,'未划分',0,NULL,NULL),(28475,1133,'HD_BENDIX_ABS',0,'国产车系',0,NULL,NULL),(28476,1133,'DFL',0,'重型车系',0,NULL,NULL),(28478,1133,'HD_IRISBUS',0,'未划分',0,NULL,NULL),(28479,1133,'DS_CHRYSLER',0,'重型车系',0,NULL,NULL),(28480,1133,'FAWJIEFANG',0,'国产车系',0,NULL,NULL),(28481,1133,'HD_JMC',0,'未划分',0,NULL,NULL),(28482,1133,'HD_MAZ',0,'欧洲车系',0,NULL,NULL),(28483,1133,'YUTONG',0,'重型车系',0,NULL,NULL),(28484,1133,'AUTOSEARCH',0,'公共',0,NULL,NULL),(28485,1133,'UD',0,'重型车系',0,NULL,NULL),(28486,1133,'DACHAI',0,'重型车系',0,NULL,NULL),(28487,1133,'HD_ECU',0,'未划分',0,NULL,NULL),(28488,1133,'HD_BOSCH',0,'国产车系',0,NULL,NULL),(28489,1133,'WP_DIESEL',0,'重型车系',0,NULL,NULL),(28490,1133,'DAF',0,'重型车系',0,NULL,NULL),(29001,1122,'BYD_QIN',1,'国产车系',0,NULL,'2019-02-27 14:26:22'),(29825,1133,'DS_NISSAN',0,'重型车系',0,NULL,NULL),(29826,1133,'HD_JINBEIQK',0,'未划分',0,NULL,NULL),(29827,1133,'HD_TATA',0,'重型车系',0,NULL,NULL),(29828,1133,'NJYWK',0,'国产车系',0,NULL,NULL),(29829,1133,'DS_MITSUBISHI',0,'重型车系',0,NULL,NULL),(29830,1133,'JOYLONGZY',0,'国产车系',0,NULL,NULL),(29995,1133,'HD_MAXXFORCE',0,'未划分',0,NULL,NULL),(31665,1133,'BEIQIZY',0,'国产车系',0,NULL,NULL),(31666,1133,'DFLEZY',0,'重型车系',0,NULL,NULL),(31667,1133,'AOKESI',0,'国产车系',0,NULL,NULL),(31668,1133,'BAOLONG',0,'国产车系',0,NULL,NULL),(31669,1133,'CHANGCHENG',0,'国产车系',0,NULL,NULL),(31670,1133,'CHANGFENG',0,'国产车系',0,NULL,NULL),(31671,1133,'CHSUZUKI',0,'国产车系',0,NULL,NULL),(31672,1133,'DAEWOO',0,'亚洲车系',0,NULL,NULL),(31673,1133,'DFBF',0,'国产车系',0,NULL,NULL),(31674,1133,'DFHONDA',0,'国产车系',0,NULL,NULL),(31675,1133,'FUDI',0,'国产车系',0,NULL,NULL),(31676,1133,'HUACHEN',0,'国产车系',0,NULL,NULL),(31677,1133,'SAICROEWE',0,'国产车系',0,NULL,NULL),(31678,1133,'LEXUS',0,'亚洲车系',0,NULL,NULL),(31679,1133,'TIANYE',0,'国产车系',0,NULL,NULL),(31680,1133,'YQJC',0,'国产车系',0,NULL,NULL),(31681,1133,'ZHONGXING',0,'国产车系',0,NULL,NULL),(31682,1133,'TJTOYOTA',0,'国产车系',0,NULL,NULL),(31683,1133,'UFO',0,'国产车系',0,NULL,NULL),(31684,1133,'HAFEIZY',0,'国产车系',0,NULL,NULL),(31685,1133,'SHUGUANGZY',0,'国产车系',0,NULL,NULL),(31686,1133,'MYXINCHEN',0,'国产车系',0,NULL,NULL),(31687,1133,'QRWHZY',0,'国产车系',0,NULL,NULL),(31688,1133,'KINGLONG',0,'国产车系',0,NULL,NULL),(31689,1133,'RESETSAS',0,'特殊功能',0,NULL,NULL),(31690,1133,'KAWEIZY',0,'国产车系',0,NULL,NULL),(31691,1133,'YINXIANG',0,'国产车系',0,NULL,NULL),(31692,1133,'BAIC',0,'国产车系',0,NULL,NULL),(31693,1133,'CHLMZY',0,'国产车系',0,NULL,NULL),(31694,1133,'INDIANTATA',0,'亚洲车系',0,NULL,NULL),(31695,1133,'COWINZY',0,'国产车系',0,NULL,NULL),(31696,1133,'BEIQI_TY',0,'国产车系',0,NULL,NULL),(31697,1133,'SAIPA',0,'亚洲车系',0,NULL,NULL),(31698,1133,'BENTLEY',0,'欧洲车系',0,NULL,NULL),(31699,1133,'JIACHUAN_TY',0,'国产车系',0,NULL,NULL),(31700,1133,'HANTENGZY',0,'国产车系',0,NULL,NULL),(31701,1133,'FORD',0,'澳洲车系',0,NULL,NULL),(31702,1133,'CHUANQIZY',0,'国产车系',0,NULL,NULL),(31703,1133,'TOBEZY',0,'亚洲车系',0,NULL,NULL),(31704,1133,'MYXCTY',0,'国产车系',0,NULL,NULL),(31705,1133,'CALM',0,'国产车系',0,NULL,NULL),(31706,1133,'ALTO',0,'国产车系',0,NULL,NULL),(31707,1133,'DADI',0,'国产车系',0,NULL,NULL),(31708,1133,'EUROFORD',0,'欧洲车系',0,NULL,NULL),(31709,1133,'HANJIANG',0,'国产车系',0,NULL,NULL),(31710,1133,'HTJT',0,'国产车系',0,NULL,NULL),(31711,1133,'HUAYANG',0,'国产车系',0,NULL,NULL),(31712,1133,'LUFENG',0,'国产车系',0,NULL,NULL),(31713,1133,'JACTY',0,'国产车系',0,NULL,NULL),(31714,1133,'MARUTI',0,'亚洲车系',0,NULL,NULL),(31715,1133,'PERODUA',0,'亚洲车系',0,NULL,NULL),(31716,1133,'VAZ',0,'欧洲车系',0,NULL,NULL),(31717,1133,'PORSCHE',0,'欧洲车系',0,NULL,NULL),(31718,1133,'YANGCHENG',0,'国产车系',0,NULL,NULL),(31719,1133,'QIRUI_TY',0,'国产车系',0,NULL,NULL),(31720,1133,'GMSA',0,'南非车系',0,NULL,NULL),(31721,1133,'IRKIA',0,'亚洲车系',0,NULL,NULL),(31722,1133,'SHUANGHUAN',0,'国产车系',0,NULL,NULL),(31723,1133,'ZZMAZDA',0,'国产车系',0,NULL,NULL),(31725,1133,'DFWKZY',0,'国产车系',0,NULL,NULL),(31726,1133,'CALMZY',0,'国产车系',0,NULL,NULL),(31727,1133,'RESETBRAKE',0,'特殊功能',0,NULL,NULL),(31728,1133,'SAMSUNG',0,'亚洲车系',0,NULL,NULL),(31729,1133,'DFWK',1,'国产车系',0,NULL,'2019-02-16 16:48:26'),(31730,1133,'ECUAID',0,'国产车系',0,NULL,NULL),(31731,1133,'MASERATI',0,'欧洲车系',0,NULL,NULL),(31732,1133,'RESETGEAR',0,'特殊功能',0,NULL,NULL),(31733,1133,'CHCHEVROLET',0,'国产车系',0,NULL,NULL),(31734,1133,'DODGE',0,'美洲车系',0,NULL,NULL),(31735,1133,'LINCOLN',0,'美洲车系',0,NULL,NULL),(31736,1133,'CHEVROLET',0,'美洲车系',0,NULL,NULL),(31737,1133,'CADILLAC',0,'美洲车系',0,NULL,NULL),(31738,1133,'LEAHEADZY',0,'国产车系',0,NULL,NULL),(31739,1133,'ABARTH',1,'欧洲车系',0,NULL,'2019-02-20 16:25:27'),(31740,1133,'ASTONMARTIN',0,'欧洲车系',0,NULL,NULL),(31741,1133,'HD_KARRY',0,'国产车系',0,NULL,NULL),(31742,1133,'CHAOCHAIZY',0,'重型车系',0,NULL,NULL),(31743,1133,'BAICHS',0,'国产车系',0,NULL,NULL),(31744,1133,'COWIN_TY',0,'国产车系',0,NULL,NULL),(31745,1133,'KOREAKIA',0,'亚洲车系',0,NULL,NULL),(31746,1133,'JIANGLINGZY',0,'国产车系',0,NULL,NULL),(31747,1133,'BMW',0,'欧洲车系',0,NULL,NULL),(31748,1133,'CHDAIHATSUTY',0,'国产车系',0,NULL,NULL),(31749,1133,'CQISUZU',0,'国产车系',0,NULL,NULL),(31750,1133,'DFCNG_TY',0,'国产车系',0,NULL,NULL),(31751,1133,'GM',0,'美洲车系',0,NULL,NULL),(31752,1133,'SEAT',0,'欧洲车系',0,NULL,NULL),(31753,1133,'XINTIANDI',0,'国产车系',0,NULL,NULL),(31754,1133,'MINI',0,'欧洲车系',0,NULL,NULL),(31755,1133,'JINLONG',0,'国产车系',0,NULL,NULL),(31756,1133,'TIANMA',0,'国产车系',0,NULL,NULL),(31757,1133,'SHVW',0,'国产车系',0,NULL,NULL),(31758,1133,'SPARK_TY',0,'国产车系',0,NULL,NULL),(31759,1133,'USAFORD',0,'美洲车系',0,NULL,NULL),(31760,1133,'LANCIA',0,'欧洲车系',0,NULL,NULL),(31761,1133,'PEUGEOT',0,'欧洲车系',0,NULL,NULL),(31762,1133,'SUZUKI',0,'亚洲车系',0,NULL,NULL),(31763,1133,'ZZNISSAN',0,'国产车系',0,NULL,NULL),(31764,1133,'HM',0,'亚洲车系',0,NULL,NULL),(31765,1133,'CHZY',0,'国产车系',0,NULL,NULL),(31766,1133,'MYHRZY',0,'国产车系',0,NULL,NULL),(31768,1133,'QIRUI',0,'国产车系',0,NULL,NULL),(31769,1133,'LIFANZY',0,'国产车系',0,NULL,NULL),(31770,1133,'RESETOIL',0,'特殊功能',0,NULL,NULL),(31771,1133,'HIGER',0,'国产车系',0,NULL,NULL),(31772,1133,'ZHONGXINGZHY',0,'国产车系',0,NULL,NULL),(31774,1133,'MALAYSIA PROTON',0,'亚洲车系',0,NULL,NULL),(31775,1133,'KINGLONGTY',0,'国产车系',0,NULL,NULL),(31776,1133,'BQWW',0,'国产车系',0,NULL,NULL),(31777,1133,'CHUANQI',0,'国产车系',0,NULL,NULL),(31778,1133,'RESETIMMO',0,'特殊功能',0,NULL,NULL),(31779,1133,'MAYBACH',0,'欧洲车系',0,NULL,NULL),(31780,1133,'JACMINITRUCKZY',0,'国产车系',0,NULL,NULL),(31781,1133,'UAZ',0,'欧洲车系',0,NULL,NULL),(31782,1133,'ZAZ',0,'欧洲车系',0,NULL,NULL),(31783,1133,'PAZ',0,'欧洲车系',0,NULL,NULL),(31784,1133,'MYHRTY',0,'国产车系',0,NULL,NULL),(31785,1133,'QRWH_TY',0,'国产车系',0,NULL,NULL),(31786,1133,'JINBEIQKZY',0,'重型车系',0,NULL,NULL),(31787,1133,'IRCITROEN',0,'亚洲车系',0,NULL,NULL),(31788,1133,'KOREAHYUNDAI',0,'亚洲车系',0,NULL,NULL),(31789,1133,'LUXGEN',0,'亚洲车系',0,NULL,NULL),(31790,1133,'TOYOTA',0,'亚洲车系',0,NULL,NULL),(31791,1133,'VW',0,'欧洲车系',0,NULL,NULL),(31792,1133,'CHANGAN',0,'国产车系',0,NULL,NULL),(31793,1133,'AUDI',1,'欧洲车系',0,NULL,'2019-02-22 10:23:58'),(31794,1133,'CITROEN',0,'欧洲车系',0,NULL,NULL),(31795,1133,'DFXK',0,'国产车系',0,NULL,NULL),(31796,1133,'FUQI',0,'国产车系',0,NULL,NULL),(31797,1133,'FUTIAN',0,'国产车系',0,NULL,NULL),(31798,1133,'FZMAZDA',0,'国产车系',0,NULL,NULL),(31799,1133,'HCBMW',0,'国产车系',0,NULL,NULL),(31800,1133,'HONDA',0,'亚洲车系',0,NULL,NULL),(31801,1133,'LANDROVER',0,'欧洲车系',0,NULL,NULL),(31802,1133,'LIUWEI_TY',0,'国产车系',0,NULL,NULL),(31803,1133,'XINKAI',0,'国产车系',0,NULL,NULL),(31804,1133,'YQMAZDA',0,'国产车系',0,NULL,NULL),(31805,1133,'BXFIAT',0,'美洲车系',0,NULL,NULL),(31806,1133,'SMART',0,'欧洲车系',0,NULL,NULL),(31807,1133,'ZHENGZHOUHMAZDA',0,'国产车系',0,NULL,NULL),(31808,1133,'YANGZI',0,'国产车系',0,NULL,NULL),(31809,1133,'JPISUZU',0,'亚洲车系',0,NULL,NULL),(31810,1133,'KIA',0,'亚洲车系',0,NULL,NULL),(31811,1133,'XINDADI',0,'国产车系',0,NULL,NULL),(31812,1133,'FUKANG',0,'国产车系',0,NULL,NULL),(31813,1133,'JINANYUNBAO',0,'国产车系',0,NULL,NULL),(31814,1133,'RENAULT',0,'欧洲车系',0,NULL,NULL),(31815,1133,'SKODA',0,'欧洲车系',0,NULL,NULL),(31816,1133,'SPRINTER',0,'欧洲车系',0,NULL,NULL),(31817,1133,'JINCHENG',0,'国产车系',0,NULL,NULL),(31818,1133,'ROVER',0,'欧洲车系',0,NULL,NULL),(31819,1133,'TONGBAO',0,'国产车系',0,NULL,NULL),(31820,1133,'HMAZDA_ZY',0,'国产车系',0,NULL,NULL),(31821,1133,'ZZNISSANZY',0,'国产车系',0,NULL,NULL),(31822,1133,'WEILI',0,'国产车系',0,NULL,NULL),(31823,1133,'RELY',0,'国产车系',0,NULL,NULL),(31824,1133,'QNLHZY',0,'国产车系',0,NULL,NULL),(31825,1133,'INDIANMARUTI',0,'亚洲车系',0,NULL,NULL),(31826,1133,'INDIANMAHINDRA',0,'亚洲车系',0,NULL,NULL),(31827,1133,'MALAYSIA PERODUA',0,'亚洲车系',0,NULL,NULL),(31828,1133,'AUSTHOLDEN',0,'澳洲车系',0,NULL,NULL),(31829,1133,'CHANGCHAIZY',0,'重型车系',0,NULL,NULL),(31830,1133,'RELY_TY',0,'国产车系',0,NULL,NULL),(31831,1133,'HD_YAXINGZY',0,'重型车系',0,NULL,NULL),(31832,1133,'RIICH_TY',0,'国产车系',0,NULL,NULL),(31833,1133,'HIGER_TY',0,'国产车系',0,NULL,NULL),(31834,1133,'RESETINJEC',0,'特殊功能',0,NULL,NULL),(31835,1133,'JEEP',0,'美洲车系',0,NULL,NULL),(31836,1133,'BUICK',0,'美洲车系',0,NULL,NULL),(31837,1133,'BUGATTI',0,'欧洲车系',0,NULL,NULL),(31838,1133,'RESETTPMS',0,'特殊功能',0,NULL,NULL),(31840,1133,'CTRUCKZY',0,'重型车系',0,NULL,NULL),(31841,1133,'DEMO',0,'公共',0,NULL,NULL),(31842,1133,'HD_JAC_HEAVY',0,'国产车系',0,NULL,NULL),(31843,1133,'KAWEI_TY',0,'国产车系',0,NULL,NULL),(31844,1133,'DFXKZY',0,'国产车系',0,NULL,NULL),(31845,1133,'EOBD2',0,'公共',0,NULL,NULL),(31846,1133,'BJXD',0,'国产车系',0,NULL,NULL),(31847,1133,'HAFEI',0,'国产车系',0,NULL,NULL),(31848,1133,'HAOQING',0,'国产车系',0,NULL,NULL),(31849,1133,'LIFAN',0,'国产车系',0,NULL,NULL),(31850,1133,'MAHINDRA',0,'亚洲车系',0,NULL,NULL),(31851,1133,'NISSAN',0,'亚洲车系',0,NULL,NULL),(31852,1133,'XIALI',0,'国产车系',0,NULL,NULL),(31853,1133,'ZHONGSHUN',0,'国产车系',0,NULL,NULL),(31854,1133,'XGHC',0,'国产车系',0,NULL,NULL),(31855,1133,'VAUXHALL',0,'欧洲车系',0,NULL,NULL),(31856,1133,'TATA',0,'亚洲车系',0,NULL,NULL),(31857,1133,'ROMEO',0,'欧洲车系',0,NULL,NULL),(31858,1133,'SAIBAO',0,'国产车系',0,NULL,NULL),(31860,1133,'HUACHENZY',0,'国产车系',0,NULL,NULL),(31861,1133,'KARRY',0,'国产车系',0,NULL,NULL),(31862,1133,'BJCAZY',0,'国产车系',0,NULL,NULL),(31864,1133,'RIICH',0,'国产车系',0,NULL,NULL),(31867,1133,'RESETBMS',0,'特殊功能',0,NULL,NULL),(31868,1133,'HUIZHONG',0,'国产车系',0,NULL,NULL),(31869,1133,'CHBUICK',0,'国产车系',0,NULL,NULL),(31870,1133,'AUSTFORD',0,'澳洲车系',0,NULL,NULL),(31871,1133,'IZH',0,'欧洲车系',0,NULL,NULL),(31872,1133,'ACURA',0,'亚洲车系',0,NULL,NULL),(31873,1133,'BQZZ',0,'国产车系',0,NULL,NULL),(31874,1133,'CHANGANFORD',0,'国产车系',0,NULL,NULL),(31875,1133,'JIQINGZY',0,'国产车系',0,NULL,NULL),(31876,1133,'BENZ',0,'欧洲车系',0,NULL,NULL),(31877,1133,'CHANGHE',0,'国产车系',0,NULL,NULL),(31878,1133,'DFNISSAN',0,'国产车系',0,NULL,NULL),(31879,1133,'DFPEUGEOT',0,'国产车系',0,NULL,NULL),(31880,1133,'FIAT',0,'欧洲车系',0,NULL,NULL),(31881,1133,'GZHONDA',0,'国产车系',0,NULL,NULL),(31882,1133,'HANGTIANMIT_TY',0,'国产车系',0,NULL,NULL),(31883,1133,'HEIBAO',0,'国产车系',0,NULL,NULL),(31884,1133,'SGM',0,'国产车系',0,NULL,NULL),(31885,1133,'WANTONG',0,'国产车系',0,NULL,NULL),(31886,1133,'SAICMG',0,'国产车系',0,NULL,NULL),(31887,1133,'YUEJIN',0,'国产车系',0,NULL,NULL),(31888,1133,'YOUNGLOTUS',0,'国产车系',0,NULL,NULL),(31889,1133,'MAZDA',0,'亚洲车系',0,NULL,NULL),(31890,1133,'BXGM',0,'美洲车系',0,NULL,NULL),(31891,1133,'YIZHONG',0,'国产车系',0,NULL,NULL),(31892,1133,'MEIYA',0,'国产车系',0,NULL,NULL),(31893,1133,'ZHONGTAI',0,'国产车系',0,NULL,NULL),(31894,1133,'JAGUAR',0,'欧洲车系',0,NULL,NULL),(31895,1133,'JIANGHUAI',0,'国产车系',0,NULL,NULL),(31896,1133,'OPEL',0,'欧洲车系',0,NULL,NULL),(31897,1133,'LIEBAOZY',0,'国产车系',0,NULL,NULL),(31898,1133,'NJCAZY',0,'国产车系',0,NULL,NULL),(31899,1133,'CHANGCHENGZY',0,'国产车系',0,NULL,NULL),(31900,1133,'DFAC',0,'国产车系',0,NULL,NULL),(31901,1133,'IKCO',0,'亚洲车系',0,NULL,NULL),(31902,1133,'ROLLSROYCE',0,'欧洲车系',0,NULL,NULL),(31903,1133,'MAXUS',0,'国产车系',0,NULL,NULL),(31905,1133,'HD_JAC_MEDIUM',0,'未划分',0,NULL,NULL),(31906,1133,'HBQC',0,'国产车系',0,NULL,NULL),(31907,1133,'HMAZDA',0,'国产车系',0,NULL,NULL),(31908,1133,'HUAPU',0,'国产车系',0,NULL,NULL),(31909,1133,'HYUNDAI',0,'亚洲车系',0,NULL,NULL),(31910,1133,'INDONESIADAIHATSU',0,'亚洲车系',0,NULL,NULL),(31911,1133,'JIQING',0,'国产车系',0,NULL,NULL),(31912,1133,'PROTON',0,'亚洲车系',0,NULL,NULL),(31913,1133,'SHUGUANG',0,'国产车系',0,NULL,NULL),(31914,1133,'SUBARU',0,'亚洲车系',0,NULL,NULL),(31915,1133,'SSANGYONG',0,'亚洲车系',0,NULL,NULL),(31916,1133,'YQVW',0,'国产车系',0,NULL,NULL),(31917,1133,'YQEF',0,'国产车系',0,NULL,NULL),(31919,1133,'TJYQZY',0,'国产车系',0,NULL,NULL),(31920,1133,'JILIZY',0,'国产车系',0,NULL,NULL),(31921,1133,'JOYLONG',0,'国产车系',0,NULL,NULL),(31922,1133,'JACDGNCZY',0,'国产车系',0,NULL,NULL),(31923,1133,'JIACHUANZY',0,'国产车系',0,NULL,NULL),(31924,1133,'KARRY_TY',0,'国产车系',0,NULL,NULL),(31925,1133,'FERRARI',0,'欧洲车系',0,NULL,NULL),(31926,1133,'GWMPTEST',0,'国产车系',0,NULL,NULL),(31927,1133,'GWMDTEST',0,'国产车系',0,NULL,NULL),(31928,1133,'CHCADILLAC',0,'国产车系',0,NULL,NULL),(31929,1133,'JACPICKUPZY',0,'国产车系',0,NULL,NULL),(31930,1133,'CHANGCHENGNRJZY',0,'国产车系',0,NULL,NULL),(31931,1133,'KESENS',0,'国产车系',0,NULL,NULL),(31932,1133,'SEAZ',0,'欧洲车系',0,NULL,NULL),(31933,1133,'BEILV',0,'国产车系',0,NULL,NULL),(31934,1133,'VOLVO',0,'欧洲车系',0,NULL,NULL),(31935,1133,'CHRYSLER',0,'美洲车系',0,NULL,NULL),(31936,1133,'DAIHATSU',0,'亚洲车系',0,NULL,NULL),(31937,1133,'DFFX',0,'国产车系',0,NULL,NULL),(31938,1133,'DONGNAN',0,'国产车系',0,NULL,NULL),(31939,1133,'FLYER',0,'国产车系',0,NULL,NULL),(31940,1133,'FZQICHE',0,'国产车系',0,NULL,NULL),(31941,1133,'ISUZU',0,'国产车系',0,NULL,NULL),(31942,1133,'JACAQZY',0,'国产车系',0,NULL,NULL),(31943,1133,'BISUZY',0,'国产车系',0,NULL,NULL),(31944,1133,'IRPEUGEOT',0,'亚洲车系',0,NULL,NULL),(31945,1133,'BJJEEP',0,'国产车系',0,NULL,NULL),(31946,1133,'INFINITI',0,'亚洲车系',0,NULL,NULL),(31947,1133,'HOLDEN',0,'澳洲车系',0,NULL,NULL),(31948,1133,'DACIA',0,'欧洲车系',0,NULL,NULL),(31949,1133,'NJFIAT',0,'国产车系',0,NULL,NULL),(31950,1133,'WANFENG',0,'国产车系',0,NULL,NULL),(31951,1133,'MITSUBISHI',0,'亚洲车系',0,NULL,NULL),(31952,1133,'SAAB',0,'欧洲车系',0,NULL,NULL),(31953,1133,'DONGFENGFS',0,'国产车系',0,NULL,NULL),(31954,1133,'TLISUZU',0,'亚洲车系',0,NULL,NULL),(31955,1133,'GAZ',0,'欧洲车系',0,NULL,NULL),(31956,1133,'NJXYTTY',0,'国产车系',0,NULL,NULL),(31957,1133,'NJYWKTY',0,'国产车系',0,NULL,NULL),(31958,1133,'YQHTTY',0,'国产车系',0,NULL,NULL),(31959,1133,'YUEDA',0,'国产车系',0,NULL,NULL),(31960,1133,'JIAO',0,'国产车系',0,NULL,NULL),(31961,1133,'CHDAIHATSU',0,'国产车系',0,NULL,NULL),(31962,1133,'DFFXZY',0,'国产车系',0,NULL,NULL),(31964,1133,'ZHONGTAIZY',0,'国产车系',0,NULL,NULL),(31966,1133,'QIRUIXNYZY',0,'国产车系',0,NULL,NULL),(31967,1133,'HCXY',0,'国产车系',0,NULL,NULL),(31968,1133,'QIRUIXNY_TY',0,'国产车系',0,NULL,NULL),(31969,1133,'GQMITSUBISHI',0,'国产车系',0,NULL,NULL),(31970,1133,'RESETODO',0,'特殊功能',0,NULL,NULL),(31971,1133,'RESETBLEED',0,'特殊功能',0,NULL,NULL),(31973,1133,'RESETDPF',0,'特殊功能',0,NULL,NULL),(31974,1133,'JAC',0,'国产车系',0,NULL,NULL),(33004,1133,'QOROS',0,'国产车系',0,NULL,NULL),(33445,1133,'HD_FAWHONGTAZY',0,'欧洲车系',0,NULL,NULL),(33825,1133,'YUEJINZY',0,'国产车系',0,NULL,NULL),(34891,1133,'RESETSUN',0,'特殊功能',0,NULL,NULL),(34892,1133,'RESETAFS',0,'特殊功能',0,NULL,NULL),(36697,1133,'RESETSUS',0,'特殊功能',0,NULL,NULL),(36735,1133,'RESETBOX',0,'特殊功能',0,NULL,NULL),(36747,1133,'JACALGERIAZY',0,'国产车系',0,NULL,NULL),(36872,1133,'HD_GEELYZY',0,'国产车系',0,NULL,NULL),(37807,1133,'DS_FIAT',0,'重型车系',0,NULL,NULL),(39718,1133,'SINOGOLDZY',0,'国产车系',0,NULL,NULL),(39881,1133,'BORGWARD',0,'国产车系',0,NULL,NULL),(40713,1133,'HD_BYD',0,'重型车系',0,NULL,NULL),(41571,1133,'HD_CAPACITY',0,'重型车系',0,NULL,NULL),(41572,1133,'HD_THOMASBUILT',0,'重型车系',0,NULL,NULL),(41573,1133,'HD_AUTOCAR',0,'重型车系',0,NULL,NULL),(41574,1133,'RESETEGR',0,'特殊功能',0,NULL,NULL),(41575,1133,'HD_BLUEBIRD',0,'重型车系',0,NULL,NULL),(41577,1133,'HD_KARRYTRUCK',0,'重型车系',0,NULL,NULL),(41578,1133,'HD_CTRUCKTY',0,'重型车系',0,NULL,NULL),(42419,1133,'DS_VW',0,'重型车系',0,NULL,NULL);

#
# Structure for table "diag_soft_price"
#

CREATE TABLE `diag_soft_price` (
  `id` bigint(20) NOT NULL AUTO_INCREMENT,
  `soft_id` bigint(20) NOT NULL COMMENT '软件ID',
  `currency` varchar(20) NOT NULL COMMENT '如：RMB/USD',
  `buy_type` int(2) NOT NULL DEFAULT '1' COMMENT '类型：1单次，2包月，3包季，4包年',
  `price` decimal(10,2) NOT NULL COMMENT '对应价格',
  `status` int(1) DEFAULT '0' COMMENT '状态，0未删除，1已删除',
  `create_user_id` varchar(50) DEFAULT NULL,
  `create_time` datetime DEFAULT NULL,
  PRIMARY KEY (`id`)
) ENGINE=InnoDB AUTO_INCREMENT=10 DEFAULT CHARSET=utf8mb4 COMMENT='软件价格对应币种的金额';

#
# Data for table "diag_soft_price"
#

INSERT INTO `diag_soft_price` VALUES (1,28387,'RMB',1,10.00,0,NULL,'2019-02-16 16:45:24'),(2,31729,'RMB',1,3.00,0,NULL,'2019-02-16 16:48:26'),(3,29001,'RMB',1,7.00,0,NULL,'2019-02-20 09:32:09'),(4,31739,'RMB',1,123.00,0,NULL,'2019-02-20 16:25:27'),(5,31793,'RMB',1,8.00,0,NULL,'2019-02-22 10:23:58'),(6,22607,'RMB',1,1.00,0,NULL,'2019-02-22 14:20:17'),(7,29001,'RMB',1,123.00,1,NULL,'2019-02-25 17:27:25'),(8,29001,'USD',1,3.00,0,NULL,'2019-02-27 14:26:22'),(9,22607,'USD',1,11.00,0,NULL,'2019-03-07 11:36:34');

#
# Structure for table "sys_authority"
#

CREATE TABLE `sys_authority` (
  `id` bigint(20) NOT NULL AUTO_INCREMENT COMMENT 'ID',
  `parent_id` bigint(20) DEFAULT NULL COMMENT '父ID',
  `sort` int(11) DEFAULT NULL COMMENT '排序',
  `resource_name` varchar(100) DEFAULT NULL COMMENT '资源名称',
  `resource_type` int(1) DEFAULT NULL COMMENT '资源类型 1预留 2：一级菜单 3：二级菜单 4：三级菜单 5：权限',
  `resource_url` varchar(100) DEFAULT NULL COMMENT '资源URL',
  `resource_code` varchar(100) DEFAULT NULL COMMENT '资源编码 format as function:permission',
  `module` varchar(200) DEFAULT NULL COMMENT '页面路由',
  `icon` varchar(100) DEFAULT NULL COMMENT '图标路径',
  `remark` varchar(200) DEFAULT NULL,
  `status` int(1) DEFAULT NULL,
  `create_user_id` varchar(50) DEFAULT NULL,
  `create_time` datetime DEFAULT NULL,
  `update_user_id` varchar(50) DEFAULT NULL,
  `update_time` datetime DEFAULT NULL,
  PRIMARY KEY (`id`)
) ENGINE=InnoDB AUTO_INCREMENT=50 DEFAULT CHARSET=utf8mb4 COMMENT='系统资源';

#
# Data for table "sys_authority"
#

INSERT INTO `sys_authority` VALUES (1,0,0,'系统管理',2,NULL,'SYS_MGR',NULL,NULL,'系统管理',0,NULL,'2019-01-05 10:06:34',NULL,'2019-01-05 10:06:37'),(2,1,1,'权限管理',3,NULL,'SYS_MGR_AUTH',NULL,NULL,'权限管理',0,NULL,'2019-01-05 10:10:05',NULL,'2019-01-05 10:10:07'),(3,2,3,'权限管理新增',5,'/sys/authority/save/**','SYS_MGR_AUTH_ADD',NULL,NULL,'权限管理新增',0,NULL,'2019-01-05 10:12:13',NULL,'2019-01-05 10:12:16'),(4,2,4,'权限管理修改',5,'/sys/authority/update/**','SYS_MGR_AUTH_UPDATE',NULL,NULL,'权限管理修改',0,NULL,'2019-01-05 10:13:04',NULL,'2019-01-07 11:43:34'),(5,2,0,'权限管理删除',5,'/sys/authority/delete/**','SYS_MGR_AUTH_DEL',NULL,NULL,NULL,0,NULL,'2019-01-05 16:30:25',NULL,NULL),(8,0,0,'分账管理',2,NULL,'ZNHY_MGR',NULL,NULL,NULL,0,NULL,'2019-01-10 10:13:38',NULL,NULL),(10,8,0,'分账账户管理',3,NULL,'ZNHY_MGR_ACCOUNT',NULL,NULL,NULL,0,NULL,'2019-01-10 10:31:22',NULL,'2019-01-10 10:35:06'),(11,10,0,'分账账户管理查询',5,'/znhy/getZnhyAccountList','ZNHY_MGR_ACCOUNT_QRY',NULL,NULL,NULL,0,NULL,'2019-01-10 10:32:37',NULL,NULL),(12,10,0,'分账账户管理新增',5,'/znhy/saveZnhyAccount/**','ZNHY_MGR_ACCOUNT_ADD',NULL,NULL,NULL,0,NULL,'2019-01-10 10:33:39',NULL,NULL),(13,10,0,'分账账户管理修改',5,'/znhy/updateZnhyAccount/**','ZNHY_MGR_ACCOUNT_UPDATE',NULL,NULL,NULL,0,NULL,'2019-01-10 10:34:09',NULL,NULL),(14,8,0,'分账规则管理',3,NULL,'ZNHY_MGR_RULE',NULL,NULL,NULL,0,NULL,'2019-01-10 10:34:46',NULL,'2019-01-10 10:35:44'),(15,14,0,'分账规则管理新增',5,'/znhy/saveZnhyAllocationRule/**','ZNHY_MGR_RULE_ADD',NULL,NULL,NULL,0,NULL,'2019-01-10 10:36:58',NULL,NULL),(16,14,0,'分账规则管理修改',5,'/znhy/updateAllocationRule/**','ZNHY_MGR_RULE_UPDATE',NULL,NULL,NULL,0,NULL,'2019-01-10 10:37:31',NULL,NULL),(17,14,0,'分账规则管理查询',5,'/znhy/getAllocationGroupList','ZNHY_MGR_RULE_QRY',NULL,NULL,NULL,0,NULL,'2019-01-10 10:37:59',NULL,NULL),(18,8,0,'资产分账管理',3,NULL,'ZNHY_MGR_ALLOCATION',NULL,NULL,NULL,0,NULL,'2019-01-10 10:38:49',NULL,NULL),(19,18,0,'资产分账管理查询',5,'/znhy/getZnhyAllocationPage','ZNHY_MGR_ALLOCATION_QRY',NULL,NULL,NULL,0,NULL,'2019-01-10 10:39:28',NULL,NULL),(20,18,0,'资产分账管理新增',5,'/znhy/saveZnhyAllocation/**','ZNHY_MGR_ALLOCATION_ADD',NULL,NULL,NULL,0,NULL,'2019-01-10 10:40:01',NULL,NULL),(21,18,0,'资产分账管理修改',5,'/znhy/updateZnhyAllocation/**','ZNHY_MGR_ALLOCATION_UPDATE',NULL,NULL,NULL,0,NULL,'2019-01-10 10:40:24',NULL,NULL),(22,0,0,'APP用户管理',2,NULL,'APP_USER_MGR',NULL,NULL,NULL,0,NULL,'2019-01-11 11:02:21',NULL,NULL),(23,22,0,'APP用户管理查询',5,'/loginUser/getUserList','APP_USER_MGR_QRY',NULL,NULL,NULL,0,NULL,'2019-01-11 11:03:14',NULL,NULL),(26,0,0,'设备管理',2,NULL,'DEVICE_MGR',NULL,NULL,NULL,0,NULL,'2019-01-15 17:33:23',NULL,NULL),(27,26,0,'设备管理添加',5,'/device/save/**','DEVICE_MGR_ADD',NULL,NULL,NULL,0,NULL,'2019-01-15 17:34:02',NULL,'2019-01-24 17:13:23'),(28,26,0,'设备管理修改',5,'/device/update/**','DEVICE_MGR_UPDATE',NULL,NULL,NULL,0,NULL,'2019-01-15 17:34:56',NULL,'2019-01-24 17:13:42'),(29,26,0,'设备管理查询',5,'/device/getList','DEVICE_MGR_QRY',NULL,NULL,NULL,0,NULL,'2019-01-15 17:35:35',NULL,'2019-01-24 17:13:54'),(30,0,0,'消费记录',2,NULL,'CONSUME_MGR',NULL,NULL,NULL,0,NULL,'2019-01-15 20:25:36',NULL,NULL),(31,30,0,'消费记录查询',5,'/loginUser/getConsumerRecordList','CONSUME_MGR_QRY',NULL,NULL,NULL,0,NULL,'2019-01-15 20:26:16',NULL,NULL),(32,0,0,'价格管理',2,NULL,'SOFT_PRICE_MGR',NULL,NULL,NULL,0,NULL,'2019-01-15 20:27:29',NULL,NULL),(33,32,0,'软件价格查询',5,'/diagSoft/getDiagSoftPriceList','SOFT_PRICE_MGR_QRY',NULL,NULL,NULL,0,NULL,'2019-01-15 20:28:08',NULL,NULL),(34,32,0,'软件价格新增',5,'/diagSoft/saveDiagSoftPrice/**','SOFT_PRICE_MGR_ADD',NULL,NULL,NULL,0,NULL,'2019-01-15 20:28:38',NULL,NULL),(35,32,0,'软件价格修改',5,'/diagSoft/updateDiagSoftPrice/**','SOFT_PRICE_MGR_UPDATE',NULL,NULL,NULL,0,NULL,'2019-01-15 20:29:02',NULL,NULL),(36,32,0,'软件价格删除',5,'/diagSoft/deleteDiagSoftPrice/**','SOFT_PRICE_MGR_DEL',NULL,NULL,NULL,0,NULL,'2019-01-15 20:29:37',NULL,NULL),(37,1,0,'用户管理',3,NULL,'SYS_MGR_USER',NULL,NULL,NULL,0,NULL,'2019-01-15 20:31:43',NULL,NULL),(38,1,0,'角色管理',3,NULL,'SYS_MGR_ROLE',NULL,NULL,NULL,0,NULL,'2019-01-15 20:32:20',NULL,NULL),(39,37,0,'用户管理查询',5,'/sys/user/getSysUserPage','SYS_MGR_USER_QRY',NULL,NULL,NULL,0,NULL,'2019-01-15 20:33:00',NULL,NULL),(40,37,0,'用户管理新增',5,'/sys/user/save/**','SYS_MGR_USER_ADD',NULL,NULL,NULL,0,NULL,'2019-01-15 20:33:31',NULL,NULL),(41,37,0,'用户管理修改',5,'/sys/user/update/**','SYS_MGR_USER_UPDATE',NULL,NULL,NULL,0,NULL,'2019-01-15 20:34:00',NULL,NULL),(42,37,0,'用户管理删除',5,'/sys/user/del/**','SYS_MGR_USER_DEL',NULL,NULL,NULL,0,NULL,'2019-01-15 20:34:23',NULL,NULL),(43,38,0,'角色管理查询',5,'/sys/role/getSysRolePage','SYS_MGR_ROLE_QRY',NULL,NULL,NULL,0,NULL,'2019-01-15 20:35:10',NULL,NULL),(44,38,0,'角色管理新增',5,'/sys/role/save/**','SYS_MGR_ROLE_ADD',NULL,NULL,NULL,0,NULL,'2019-01-15 20:35:35',NULL,NULL),(45,38,0,'角色管理修改',5,'/sys/role/update/**','SYS_MGR_ROLE_UPDATE',NULL,NULL,NULL,0,NULL,'2019-01-15 20:35:59',NULL,NULL),(46,38,0,'角色管理删除',5,'/sys/role/delete/**','SYS_MGR_ROLE_DEL',NULL,NULL,NULL,0,NULL,'2019-01-15 20:36:21',NULL,NULL),(47,38,0,'角色管理授权',5,'/sys/role/saveRoleAuthority/**','SYS_MGR_ROLE_AUTH',NULL,NULL,NULL,0,NULL,'2019-01-15 20:37:45',NULL,NULL),(48,38,0,'角色管理权限查询',5,'/sys/role/getRoleAuthorityByRoleId/**','SYS_MGR_ROLE_AUTH_QRY',NULL,NULL,NULL,0,NULL,'2019-01-15 20:38:36',NULL,NULL),(49,2,0,'权限管理查询',5,'/sys/authority/getSysAuthorityPage','SYS_MGR_AUTH_QRY',NULL,NULL,NULL,0,NULL,'2019-01-25 15:09:20',NULL,NULL);

#
# Structure for table "sys_role"
#

CREATE TABLE `sys_role` (
  `id` bigint(20) NOT NULL AUTO_INCREMENT COMMENT '角色ID',
  `role_name` varchar(100) NOT NULL COMMENT '角色名称',
  `role_code` varchar(100) DEFAULT NULL COMMENT 'role code <=> role identifier -- used by shiro tool',
  `role_type` varchar(20) DEFAULT NULL COMMENT '角色类型:admin管理员自己建立',
  `is_valid` int(1) DEFAULT NULL COMMENT '是否激活 0: no 1:yes',
  `remark` varchar(200) DEFAULT NULL,
  `status` int(1) DEFAULT NULL,
  `create_user_id` varchar(50) DEFAULT NULL,
  `create_time` datetime DEFAULT NULL,
  `update_user_id` varchar(50) DEFAULT NULL,
  `update_time` datetime DEFAULT NULL,
  PRIMARY KEY (`id`)
) ENGINE=InnoDB AUTO_INCREMENT=8 DEFAULT CHARSET=utf8mb4 COMMENT='角色表';

#
# Data for table "sys_role"
#

INSERT INTO `sys_role` VALUES (1,'超级管理员','SUPER_ADMINISTRATOR',NULL,1,'超级管理员',0,NULL,'2018-12-04 20:54:25',NULL,NULL),(2,'管理员','ADMINISTRATOR',NULL,1,'管理员',0,NULL,'2019-01-04 15:21:44',NULL,NULL),(3,'程序员x1','Programx',NULL,1,'程序员x2',0,NULL,'2019-01-08 15:13:05',NULL,'2019-01-08 17:00:33'),(4,'业务员','ywyuan',NULL,1,'业务员描述',0,NULL,'2019-01-15 15:00:21',NULL,NULL),(5,'PHP攻城狮','php_manager',NULL,1,'PHP攻城狮描述',0,NULL,'2019-01-15 15:01:18',NULL,NULL),(7,'是是是','sssss',NULL,1,'ssssssssss',0,NULL,'2019-01-15 20:55:47',NULL,NULL);

#
# Structure for table "sys_role_authority"
#

CREATE TABLE `sys_role_authority` (
  `id` bigint(11) NOT NULL AUTO_INCREMENT COMMENT 'ID',
  `role_id` bigint(10) NOT NULL COMMENT '角色ID',
  `resource_id` bigint(10) NOT NULL COMMENT '资源ID',
  PRIMARY KEY (`id`),
  KEY `ra_fk_role_id` (`role_id`),
  KEY `ra_fk_resource_id` (`resource_id`),
  CONSTRAINT `ra_fk_resource_id` FOREIGN KEY (`resource_id`) REFERENCES `sys_authority` (`id`),
  CONSTRAINT `ra_fk_role_id` FOREIGN KEY (`role_id`) REFERENCES `sys_role` (`id`)
) ENGINE=InnoDB AUTO_INCREMENT=168 DEFAULT CHARSET=utf8mb4 COMMENT='角色资源';

#
# Data for table "sys_role_authority"
#

INSERT INTO `sys_role_authority` VALUES (9,3,4),(10,3,12),(11,4,19),(12,4,20),(13,4,23),(56,2,23),(119,1,3),(120,1,4),(121,1,5),(122,1,49),(123,1,39),(124,1,40),(125,1,41),(126,1,42),(127,1,43),(128,1,44),(129,1,45),(130,1,46),(131,1,47),(132,1,48),(133,1,11),(134,1,12),(135,1,13),(136,1,15),(137,1,16),(138,1,17),(139,1,19),(140,1,20),(141,1,21),(142,1,23),(143,1,27),(144,1,28),(145,1,29),(146,1,31),(147,1,33),(148,1,34),(149,1,35),(150,1,36),(162,5,39),(163,5,11),(164,5,17),(165,5,19),(166,5,29),(167,5,33);

#
# Structure for table "sys_user"
#

CREATE TABLE `sys_user` (
  `id` bigint(20) NOT NULL AUTO_INCREMENT COMMENT '主键',
  `username` varchar(50) NOT NULL COMMENT '用户名',
  `password` varchar(100) DEFAULT NULL COMMENT '密码',
  `nickname` varchar(50) DEFAULT NULL COMMENT '昵称',
  `sex` int(1) DEFAULT NULL COMMENT '性别：0女，1男',
  `is_active` int(1) DEFAULT NULL COMMENT '是否激活：0否，1是',
  `mobile` varchar(11) DEFAULT NULL COMMENT '手机号码',
  `email` varchar(20) DEFAULT NULL COMMENT '邮箱',
  `sort` int(11) DEFAULT NULL COMMENT '排序',
  `last_login_time` datetime DEFAULT NULL COMMENT '最后登录时间',
  `image_path_url` varchar(300) DEFAULT NULL COMMENT '头像地址',
  `remark` varchar(200) DEFAULT NULL COMMENT '备注',
  `status` int(1) DEFAULT NULL COMMENT '状态 0正常 1删除',
  `create_user_id` varchar(50) DEFAULT NULL COMMENT '创建用户ID',
  `create_time` datetime DEFAULT NULL COMMENT '创建时间',
  `update_user_id` varchar(50) DEFAULT NULL COMMENT '更新用户ID',
  `update_time` datetime DEFAULT NULL COMMENT '最后更新时间',
  PRIMARY KEY (`id`)
) ENGINE=InnoDB AUTO_INCREMENT=12 DEFAULT CHARSET=utf8mb4 COMMENT='后台用户表';

#
# Data for table "sys_user"
#

INSERT INTO `sys_user` VALUES (1,'sysadmin','$2a$10$xLYZfhgfkWcWdJ2ppwh6p.2Zlg7ltj3Yvv2RkodZHvGKwdzh2bCYa','系统管理员',1,1,'15361666666','597721790@qq.com',1,'2018-11-20 17:44:13',NULL,'超级管理员备注',0,NULL,'2018-11-20 17:44:20',NULL,'2019-01-23 11:49:11'),(3,'duanzongming','$2a$10$5lSyaQXZjogPmHZkByJBgeyK7ptEJbkSiLz8IBSo84jAkyJeM4Gbi',NULL,NULL,1,'15500000000','123@qq.com',NULL,NULL,NULL,'123duanzongming',0,NULL,'2019-01-14 09:52:44',NULL,'2019-01-15 15:18:49'),(4,'qiaqia','$2a$10$urlu0IM1BjSNvxcXlNG4HeXEvBcO.TdwmP0k3Fl5SdHvfS22kPUUy',NULL,1,1,'15500000000','1111@qq.com',NULL,NULL,NULL,'123qiaqia',0,NULL,'2019-01-14 10:05:35',NULL,'2019-01-15 15:18:34'),(5,'yangmin','$2a$10$fgJxkir2iKBzMyrp6/SGD.AkcqHpt4fvhOSq9YkmsRhXOkRvArsia',NULL,1,1,'13400000000','333@qq.com',NULL,NULL,NULL,'111yangmin',0,NULL,'2019-01-14 10:20:22',NULL,'2019-01-15 15:18:17'),(11,'admin','$2a$10$ga1ktxmENuCFSQkZuvoYuuIbLpr00h6p86F5H67LdA2QWzJQffJCS',NULL,1,1,'15361660000','ssss@qq.com',NULL,NULL,NULL,'admin超级管理员',0,NULL,'2019-01-21 16:09:08',NULL,NULL);

#
# Structure for table "sys_user_role"
#

CREATE TABLE `sys_user_role` (
  `id` bigint(20) NOT NULL AUTO_INCREMENT COMMENT 'ID',
  `user_id` bigint(20) NOT NULL COMMENT '用户ID',
  `role_id` bigint(20) NOT NULL COMMENT '角色ID',
  PRIMARY KEY (`id`),
  KEY `ur_fk_user_id` (`user_id`),
  KEY `ur_fk_role_id` (`role_id`),
  CONSTRAINT `sys_user_role_ibfk_1` FOREIGN KEY (`role_id`) REFERENCES `sys_role` (`id`),
  CONSTRAINT `ur_fk_role_id` FOREIGN KEY (`role_id`) REFERENCES `sys_role` (`id`),
  CONSTRAINT `ur_fk_user_id` FOREIGN KEY (`user_id`) REFERENCES `sys_user` (`id`),
  CONSTRAINT `user_role_fk_user_id` FOREIGN KEY (`user_id`) REFERENCES `sys_user` (`id`)
) ENGINE=InnoDB AUTO_INCREMENT=24 DEFAULT CHARSET=utf8mb4 COMMENT='用户角色关联表';

#
# Data for table "sys_user_role"
#

INSERT INTO `sys_user_role` VALUES (13,5,3),(14,5,5),(15,4,2),(17,3,1),(18,3,3),(19,3,4),(21,11,1),(22,1,1),(23,1,5);

#
# Structure for table "user"
#

CREATE TABLE `user` (
  `id` bigint(20) NOT NULL AUTO_INCREMENT COMMENT '用户ID',
  `username` varchar(50) NOT NULL COMMENT '用户名',
  `password` varchar(50) CHARACTER SET utf8mb4 COLLATE utf8mb4_bin DEFAULT NULL COMMENT '瀵嗙爜',
  `nick_name` text COMMENT '昵称',
  `sex` int(1) DEFAULT '0' COMMENT '性别：0未知，1男，2女',
  `email` varchar(100) DEFAULT NULL COMMENT '邮箱',
  `mobile` varchar(11) DEFAULT NULL COMMENT '电话号码（手机）',
  `image_path_url` varchar(300) DEFAULT NULL COMMENT '头像地址',
  `source` int(2) DEFAULT '0' COMMENT '用户来源: 0:邮箱或手机注册，1:微信，2:QQ',
  `open_id` varchar(100) DEFAULT NULL COMMENT 'OPENID',
  `union_id` varchar(100) DEFAULT NULL COMMENT ' UNIONID',
  `status` int(1) DEFAULT '0' COMMENT '状态 0正常 1删除',
  `remark` varchar(100) DEFAULT NULL COMMENT '备注',
  PRIMARY KEY (`id`),
  UNIQUE KEY `index_uq_userName` (`username`) USING BTREE
) ENGINE=InnoDB AUTO_INCREMENT=23 DEFAULT CHARSET=utf8mb4 COMMENT='用户';

#
# Data for table "user"
#

INSERT INTO `user` VALUES (1,'a555555','555555',NULL,NULL,'aa@qq.com',NULL,NULL,NULL,NULL,NULL,0,NULL),(2,'a22222','555555',NULL,NULL,'aaaaa@qq.com',NULL,NULL,NULL,NULL,NULL,0,NULL),(3,'15361664121','3f3c27673cfff3d3fa3f522fd097ad31',NULL,NULL,'11111322@qq.com',NULL,NULL,NULL,NULL,NULL,0,'15361664121'),(4,'qqqqqq','343b1c4a3ea721b2d640fc8700db0f36',NULL,NULL,'qq@qq.com',NULL,NULL,NULL,NULL,NULL,0,'qqqqqq'),(5,'wwwwww','d785c99d298a4e9e6e13fe99e602ef42',NULL,NULL,'ww@qq.com',NULL,NULL,NULL,NULL,NULL,0,'wwwwww'),(6,'eeeeee','cd87cd5ef753a06ee79fc75dc7cfe66c',NULL,NULL,'ee@qq.com',NULL,NULL,NULL,NULL,NULL,0,'eeeeee'),(7,'Test9900','e10adc3949ba59abbe56e057f20f883e',NULL,NULL,'zfdff@bj.com',NULL,NULL,NULL,NULL,NULL,0,'123456'),(8,'wwwwwww','d785c99d298a4e9e6e13fe99e602ef42',NULL,NULL,'ww@qq.com',NULL,NULL,NULL,NULL,NULL,0,'wwwwww'),(9,'ldan','e10adc3949ba59abbe56e057f20f883e',NULL,NULL,'dan.luo@cnlaunch.com',NULL,NULL,NULL,NULL,NULL,0,'123456'),(10,'luodan','e10adc3949ba59abbe56e057f20f883e',NULL,NULL,'dan.luo@cnlaunch.com',NULL,NULL,NULL,NULL,NULL,0,'123456'),(11,'dan1','e10adc3949ba59abbe56e057f20f883e',NULL,NULL,'dan.luo@cnlaunch.com',NULL,NULL,NULL,NULL,NULL,0,'123456'),(12,'dan2','e10adc3949ba59abbe56e057f20f883e',NULL,NULL,'dan.luo@cnlaunch.com',NULL,NULL,NULL,NULL,NULL,0,'123456'),(14,'wwwwwo','d785c99d298a4e9e6e13fe99e602ef42',NULL,NULL,'qq@qq.com',NULL,NULL,NULL,NULL,NULL,0,'wwwwww'),(15,'Test1100','e10adc3949ba59abbe56e057f20f883e',NULL,NULL,'dffggh@hh.com',NULL,NULL,NULL,NULL,NULL,0,'123456'),(16,'lalala','e10adc3949ba59abbe56e057f20f883e',NULL,NULL,'dan.luo@cnlaunch.com',NULL,NULL,NULL,NULL,NULL,0,'123456'),(17,'lala_123','e10adc3949ba59abbe56e057f20f883e',NULL,NULL,' ',NULL,NULL,NULL,NULL,NULL,0,'123456'),(18,'chain1111','e10adc3949ba59abbe56e057f20f883e',NULL,NULL,'fdfgg@fghg.com',NULL,NULL,NULL,NULL,NULL,0,'123456'),(19,'username','password',NULL,NULL,'132@qq.com','15361664121',NULL,NULL,NULL,NULL,0,NULL),(22,'username2','password',NULL,NULL,'132@qq.com','15361664121',NULL,NULL,NULL,NULL,0,NULL);

#
# Structure for table "user_consumer_record"
#

CREATE TABLE `user_consumer_record` (
  `order_id` bigint(20) NOT NULL COMMENT '订单id',
  `soft_name` varchar(100) DEFAULT NULL COMMENT '车型软件名称',
  `vin_code` varchar(50) DEFAULT NULL COMMENT 'VIN码(诊断时获取车的唯一标识)',
  `diag_start_time` datetime DEFAULT NULL COMMENT '诊断开始时间',
  `diag_end_time` datetime DEFAULT NULL COMMENT '诊断结束时间',
  `create_time` datetime DEFAULT NULL COMMENT '创建时间',
  UNIQUE KEY `order_id` (`order_id`) USING BTREE
) ENGINE=InnoDB DEFAULT CHARSET=utf8mb4 COMMENT='消费记录表';

#
# Data for table "user_consumer_record"
#

INSERT INTO `user_consumer_record` VALUES (51,'PORSCHE','WP1AB2A20BLA43425','2018-09-29 14:33:55','2018-09-29 14:35:15','2018-09-29 14:41:19'),(52,'BMW',NULL,'2018-09-29 14:38:19','2018-09-29 14:39:52','2018-09-29 14:45:35'),(53,'ABARTH',NULL,'2018-09-29 14:54:01','2018-09-29 14:56:09','2018-09-29 15:01:48'),(55,'BMW',NULL,'2018-09-29 15:38:59','2018-09-29 15:40:19','2018-09-29 15:46:17'),(59,'ABARTH',NULL,'2018-09-29 16:09:02','2018-09-29 16:12:00','2018-09-29 16:16:55'),(60,'BAOLONG',NULL,'2018-09-29 16:26:38','2018-09-29 16:26:01','2018-09-29 16:32:34'),(61,'BMW',NULL,'2018-09-30 09:59:46','2018-09-30 10:00:15','2018-09-30 10:05:58'),(62,'BMW',NULL,'2018-09-30 16:36:39','2018-09-30 16:41:32','2018-09-30 16:46:08'),(63,'PORSCHE',NULL,'2018-10-11 11:06:13','2018-10-11 11:07:16','2018-10-11 11:12:46'),(64,'PORSCHE',NULL,'2018-10-11 11:08:58','2018-10-11 11:09:40','2018-10-11 11:15:20'),(65,'PORSCHE','WP1AB2A20BLA43425','2018-10-11 11:09:42','2018-10-11 11:17:03','2018-10-11 11:23:24'),(66,'PORSCHE','WP1AG2928DLA54391','2018-10-11 11:23:59','2018-10-11 11:30:30','2018-10-11 11:35:10'),(67,'PORSCHE',NULL,'2018-10-11 11:31:42','2018-10-11 11:34:29','2018-10-11 11:40:44'),(68,'PROTON',NULL,'2018-10-11 11:48:08','2018-10-11 11:49:14','2018-10-11 11:54:16'),(69,'PORSCHE',NULL,'2018-10-11 14:09:10','2018-10-11 14:51:46','2018-10-11 14:57:09'),(71,'PORSCHE',NULL,'2018-10-11 15:24:16','2018-10-11 15:25:52','2018-10-11 15:31:23'),(72,'PORSCHE',NULL,'2018-10-11 15:58:47','2018-10-11 15:59:45','2018-10-11 16:05:44'),(74,'BMW','sdgsdf','2018-10-15 17:30:00','2018-10-15 16:30:00','2018-10-15 17:14:11'),(76,'BMW','sdgsdf','2018-10-15 16:30:00','2018-10-15 16:30:00','2018-10-18 09:34:27'),(77,'BMW','sdgsdf','2018-10-15 16:30:00','2018-10-14 16:30:00','2018-10-18 10:36:44'),(80,'BMW','sdgsdf','2018-10-15 16:30:00','2018-10-15 17:30:00','2018-10-18 16:09:11'),(81,'BMW','sdgsdf','2018-10-15 16:30:00','2017-10-20 16:30:00','2018-10-18 16:45:28'),(82,'BM.@W','sdgsdf','2018-10-15 17:30:00','2018-10-15 18:30:00','2018-10-19 10:04:31'),(84,'BBCWS','sdgsdf','2018-10-15 17:30:00','2018-10-15 18:30:00','2018-10-19 12:01:36'),(85,'BBCWS','sdgsdf','2018-10-15 17:30:00','2018-10-15 18:30:00','2018-10-19 12:24:23'),(91,'AUDI',NULL,'2019-01-29 16:09:02','2019-01-29 16:12:00','2019-03-14 10:44:24');

#
# Structure for table "user_ext"
#

CREATE TABLE `user_ext` (
  `id` bigint(20) NOT NULL AUTO_INCREMENT COMMENT '用户扩展ID',
  `user_id` bigint(20) NOT NULL COMMENT '用户ID',
  `birthday` varchar(20) DEFAULT NULL COMMENT '生日（yyyy-MM-dd）',
  `lan_code` varchar(10) DEFAULT NULL COMMENT '语言code，如：zh-cn',
  `org_id` int(10) DEFAULT NULL COMMENT '机构ID',
  `org_name` varchar(50) DEFAULT NULL COMMENT '机构名称',
  `user_money` decimal(11,2) NOT NULL DEFAULT '0.00' COMMENT '用户钱包金额',
  `lock_money` decimal(11,2) NOT NULL DEFAULT '0.00' COMMENT '冻结金额	',
  `last_time` datetime DEFAULT NULL COMMENT '最后登录时间',
  `is_lock` int(1) NOT NULL DEFAULT '0' COMMENT '账号是否被锁： 0否，1是',
  `session_id` varchar(32) DEFAULT NULL COMMENT '校验用户登录信息',
  `remark` varchar(200) DEFAULT NULL COMMENT '备注',
  `status` int(1) NOT NULL DEFAULT '0' COMMENT '状态 0正常 1删除',
  `create_time` datetime DEFAULT NULL COMMENT '创建时间',
  `update_time` datetime DEFAULT NULL COMMENT '最后更新时间',
  PRIMARY KEY (`id`),
  UNIQUE KEY `ext_user_id_uq` (`user_id`) USING BTREE
) ENGINE=InnoDB AUTO_INCREMENT=21 DEFAULT CHARSET=utf8mb4 COMMENT='用户扩展表';

#
# Data for table "user_ext"
#

INSERT INTO `user_ext` VALUES (1,1,NULL,NULL,NULL,NULL,0.00,0.00,NULL,0,NULL,NULL,0,'2018-08-29 17:04:17','2018-08-29 17:04:19'),(2,2,NULL,NULL,NULL,NULL,12.00,0.00,NULL,0,NULL,NULL,0,'2018-08-29 17:04:47','2018-08-29 17:04:47'),(3,3,NULL,NULL,NULL,NULL,0.00,0.00,'2020-03-11 15:40:05',0,NULL,NULL,0,'2018-08-29 17:04:47','2020-03-11 15:40:06'),(4,4,NULL,NULL,NULL,NULL,1199.90,0.00,'2018-10-11 09:40:11',0,NULL,NULL,0,'2018-08-29 17:04:47','2018-10-11 09:40:11'),(5,5,NULL,NULL,NULL,NULL,0.00,0.00,NULL,0,NULL,NULL,0,'2018-08-29 17:04:47','2018-08-29 17:04:47'),(6,6,NULL,NULL,NULL,NULL,0.00,0.00,NULL,0,NULL,NULL,0,'2018-08-29 17:04:47','2018-08-29 17:04:47'),(7,7,NULL,NULL,NULL,NULL,964.00,0.00,'2018-10-11 11:25:53',0,NULL,NULL,0,'2018-08-29 17:04:47','2018-10-11 11:25:53'),(8,8,NULL,NULL,NULL,NULL,0.00,0.00,NULL,0,NULL,NULL,0,'2018-09-14 15:06:57','2018-09-14 15:06:57'),(9,9,NULL,NULL,NULL,NULL,0.00,0.00,'2018-10-19 10:30:30',0,NULL,NULL,0,'2018-09-19 11:09:55','2018-10-19 10:30:30'),(10,10,NULL,NULL,NULL,NULL,0.00,0.00,'2018-12-07 10:53:26',0,NULL,NULL,0,'2018-09-19 11:35:32','2018-12-07 10:53:26'),(11,11,NULL,NULL,NULL,NULL,0.00,0.00,NULL,0,NULL,NULL,0,'2018-09-20 09:59:47','2018-09-20 09:59:47'),(12,12,NULL,NULL,NULL,NULL,0.00,0.00,NULL,0,NULL,NULL,0,'2018-09-20 10:24:46','2018-09-20 10:24:46'),(13,13,NULL,NULL,NULL,NULL,0.00,0.00,NULL,0,NULL,NULL,0,'2018-09-20 10:38:10','2018-09-20 10:38:10'),(14,14,NULL,NULL,NULL,NULL,0.00,0.00,NULL,0,NULL,NULL,0,'2018-09-29 09:35:00','2018-09-29 09:35:00'),(15,15,NULL,NULL,NULL,NULL,0.00,0.00,'2018-10-12 09:48:40',0,NULL,NULL,0,'2018-10-11 11:45:00','2018-10-12 09:48:40'),(16,16,NULL,NULL,NULL,NULL,0.00,0.00,NULL,0,NULL,NULL,0,'2018-10-17 15:52:15','2018-10-17 15:52:15'),(17,17,NULL,NULL,NULL,NULL,0.00,0.00,NULL,0,NULL,NULL,0,'2018-10-17 16:17:41','2018-10-17 16:17:41'),(18,18,NULL,NULL,NULL,NULL,0.00,0.00,'2018-11-26 15:07:26',0,NULL,NULL,0,'2018-11-26 14:24:47','2018-11-26 15:07:26'),(19,19,NULL,NULL,NULL,NULL,0.00,0.00,NULL,0,NULL,NULL,0,'2019-02-22 17:57:36','2019-02-22 17:57:36'),(20,22,NULL,NULL,NULL,NULL,0.00,0.00,NULL,0,NULL,NULL,0,'2019-02-22 18:04:24','2019-02-22 18:04:24');

#
# Structure for table "user_order"
#

CREATE TABLE `user_order` (
  `id` bigint(20) NOT NULL AUTO_INCREMENT COMMENT '主键',
  `user_id` bigint(20) NOT NULL COMMENT '用户ID',
  `serial_no` varchar(12) DEFAULT NULL COMMENT '设备序列号（用来分账）',
  `order_no` varchar(20) NOT NULL COMMENT '消费编号',
  `price` decimal(11,2) NOT NULL COMMENT '诊断价格',
  `currency` varchar(10) DEFAULT NULL COMMENT '币种，RMB,USD,EUR',
  `pay_from` int(1) NOT NULL COMMENT '支付来源:1:支付宝，2：微信',
  `pay_time` datetime NOT NULL COMMENT '支付时间',
  `third_trade_no` varchar(100) NOT NULL COMMENT '第三方订单号',
  `remark` varchar(100) DEFAULT NULL COMMENT '备注',
  `status` int(1) DEFAULT '0' COMMENT '状态 0正常 1删除',
  `create_time` datetime DEFAULT NULL COMMENT '创建时间',
  PRIMARY KEY (`id`)
) ENGINE=InnoDB AUTO_INCREMENT=94 DEFAULT CHARSET=utf8mb4;

#
# Data for table "user_order"
#

INSERT INTO `user_order` VALUES (45,4,'982792481500','11201809281737198879',8.00,'RMB',1,'2018-09-28 17:37:33','2018092821001004320500322044',NULL,0,'2018-09-28 17:37:33'),(46,7,'984290001100','11201809281737570587',8.00,'RMB',1,'2018-09-28 17:38:26','2018092821001004320500322045',NULL,0,'2018-09-28 17:38:26'),(47,7,'984290001100','11201809291032448920',8.00,'RMB',1,'2018-09-29 10:33:45','2018092921001004320500322984',NULL,0,'2018-09-29 10:33:45'),(48,7,'984290001100','11201809291154187446',8.00,'RMB',1,'2018-09-29 11:54:51','2018092921001004320500322987',NULL,0,'2018-09-29 11:54:51'),(49,7,'984290001100','11201809291350265847',8.00,'RMB',1,'2018-09-29 13:51:31','2018092921001004320500324745',NULL,0,'2018-09-29 13:51:31'),(50,7,'984290001100','11201809291357309073',8.00,'RMB',1,'2018-09-29 13:57:56','2018092921001004320500324746',NULL,0,'2018-09-29 13:57:56'),(51,7,'984290001100','11201809291439382463',8.00,'RMB',1,'2018-09-29 14:40:52','2018092921001004320500322989',NULL,0,'2018-09-29 14:40:52'),(52,7,'984290001100','11201809291444384126',8.00,'RMB',1,'2018-09-29 14:44:59','2018092921001004320500324747',NULL,0,'2018-09-29 14:44:59'),(53,7,'984290001100','11201809291500294384',8.00,'RMB',1,'2018-09-29 15:00:44','2018092921001004320500324748',NULL,0,'2018-09-29 15:00:44'),(54,7,'984290001100','11201809291538214304',8.00,'RMB',1,'2018-09-29 15:38:47','2018092921001004320500324753',NULL,0,'2018-09-29 15:38:47'),(55,7,'984290001100','11201809291544302124',8.00,'RMB',1,'2018-09-29 15:45:07','2018092921001004320500323000',NULL,0,'2018-09-29 15:45:07'),(56,7,'984290001100','11201809291518091214',8.00,'RMB',1,'2018-09-29 15:49:30','2018092921001004320500322994',NULL,0,'2018-09-29 15:49:30'),(57,7,'984290001100','11201809291510587134',8.00,'RMB',1,'2018-09-29 15:49:46','2018092921001004320500322992',NULL,0,'2018-09-29 15:49:46'),(58,7,'984290001100','11201809291524091776',8.00,'RMB',1,'2018-09-29 15:49:53','2018092921001004320500322997',NULL,0,'2018-09-29 15:49:53'),(59,7,'984290001100','11201809291615192983',8.00,'RMB',1,'2018-09-29 16:16:38','2018092921001004320500324754',NULL,0,'2018-09-29 16:16:38'),(60,7,'984290001100','11201809291631380251',8.00,'RMB',1,'2018-09-29 16:32:02','2018092921001004320500323003',NULL,0,'2018-09-29 16:32:02'),(61,7,'984290001100','11201809301004469845',8.00,'RMB',1,'2018-09-30 10:05:39','2018093021001004320500329249',NULL,0,'2018-09-30 10:05:39'),(62,7,'984290001100','11201809301641174336',8.00,'RMB',1,'2018-09-30 16:43:57','2018093021001004320500329127',NULL,0,'2018-09-30 16:43:57'),(63,7,'984290001100','11201810111111024506',8.00,'RMB',1,'2018-10-11 11:11:58','2018101122001470320500360960',NULL,0,'2018-10-11 11:11:58'),(64,7,'984290001100','11201810111114060162',8.00,'RMB',1,'2018-10-11 11:15:00','2018101121001004320500359435',NULL,0,'2018-10-11 11:15:00'),(65,7,'984290001100','11201810111115453829',8.00,'RMB',1,'2018-10-11 11:16:10','2018101121001004320500359436',NULL,0,'2018-10-11 11:16:10'),(66,7,'984290001100','11201810111129227844',8.00,'RMB',1,'2018-10-11 11:30:10','2018101122001470320500360961',NULL,0,'2018-10-11 11:30:10'),(67,7,'984290001100','11201810111137012854',8.00,'RMB',1,'2018-10-11 11:37:30','2018101122001470320500360962',NULL,0,'2018-10-11 11:37:30'),(68,15,'984290001100','11201810111153279862',8.00,'RMB',1,'2018-10-11 11:54:01','2018101121001004320500359438',NULL,0,'2018-10-11 11:54:01'),(69,15,'984290001100','11201810111414308299',8.00,'RMB',1,'2018-10-11 14:44:03','2018101121001004320500361493',NULL,0,'2018-10-11 14:44:03'),(70,15,'984290001100','11201810111522481814',8.00,'RMB',1,'2018-10-11 15:23:37','2018101121001004320500361495',NULL,0,'2018-10-11 15:23:37'),(71,15,'984290001100','11201810111530183040',8.00,'RMB',1,'2018-10-11 15:30:53','2018101121001004320500361496',NULL,0,'2018-10-11 15:30:53'),(72,15,'984290001100','11201810111604271324',8.00,'RMB',1,'2018-10-11 16:05:28','2018101121001004320500361498',NULL,0,'2018-10-11 16:05:28'),(73,10,'985691007800','11201810151633423669',8.00,'RMB',1,'2018-10-15 16:35:09','2018101522001470320500371984',NULL,0,'2018-10-15 16:35:09'),(74,10,'985691007800','11201810151659256510',8.00,'RMB',1,'2018-10-15 17:00:15','2018101522001470320500371985',NULL,0,'2018-10-15 17:00:15'),(75,10,'985691007800','11201810171735496061',8.00,'RMB',1,'2018-10-17 17:57:41','2018101722001470320500380296',NULL,0,'2018-10-17 17:57:41'),(76,10,'985691007800','11201810180930150625',8.00,'RMB',1,'2018-10-18 09:31:38','2018101822001470320500379348',NULL,0,'2018-10-18 09:31:38'),(77,10,'985691007800','11201810181024058052',8.00,'RMB',1,'2018-10-18 10:35:27','2018101822001470320500383483',NULL,0,'2018-10-18 10:35:27'),(78,10,'985691007800','11201810181107486566',8.00,'RMB',1,'2018-10-18 11:08:40','2018101822001470320500383632',NULL,0,'2018-10-18 11:08:40'),(79,10,'985691007800','11201810181523316065',0.01,'RMB',1,'2018-10-18 15:26:38','2018101822001419175400395678',NULL,0,'2018-10-18 15:26:38'),(80,10,'985691007800','11201810181602324370',0.01,'RMB',1,'2018-10-18 16:03:15','2018101822001419175400842193',NULL,0,'2018-10-18 16:03:15'),(81,10,'985691007800','11201810181641077018',0.01,'RMB',1,'2018-10-18 16:41:54','2018101822001419175401277707',NULL,0,'2018-10-18 16:41:54'),(82,10,'985691007800','11201810190943523654',0.01,'RMB',1,'2018-10-19 09:45:44','2018101922001419175401575261',NULL,0,'2018-10-19 09:45:44'),(83,9,'985691007800','11201810191001488801',0.01,'RMB',1,'2018-10-19 10:04:00','2018101922001469385402148247',NULL,0,'2018-10-19 10:04:00'),(84,10,'985691007800','11201810191155245454',0.01,'RMB',1,'2018-10-19 11:56:05','2018101922001419175402378572',NULL,0,'2018-10-19 11:56:05'),(85,10,'985691007800','11201810191222386830',0.01,'RMB',1,'2018-10-19 12:23:24','2018101922001419175402173173',NULL,0,'2018-10-19 12:23:24'),(86,10,'985691007800','11201810191058496642',0.01,'RMB',1,'2018-10-19 12:23:30','2018101922001419175401971711',NULL,0,'2018-10-19 12:23:30'),(87,10,'985691007800','11201810261759596149',1.00,'RMB',1,'2018-10-26 18:02:25','2018102622001486101008244396',NULL,0,'2018-10-26 18:02:25'),(88,10,'985691007800','11201811021521333486',1.00,'RMB',1,'2018-11-02 15:22:33','2018110222001486101010514301',NULL,0,'2018-11-02 15:22:33'),(89,10,'985691007800','11201811051740360831',1.00,'RMB',1,'2018-11-05 17:41:20','2018110522001486101011238104',NULL,0,'2018-11-05 17:41:20'),(90,10,'985691007800','11201812071053265527',1.00,'RMB',1,'2018-12-07 10:54:35','2018120722001486101017574605',NULL,0,'2018-12-07 10:54:35'),(91,4,'1111111111','1010101010',1.10,'RMB',1,'2019-03-13 18:01:34','20180912210010043205002693103',NULL,0,'2019-03-13 18:01:41'),(92,3,'985691007800','13201903281651334862',11.00,'USD',3,'2019-03-28 16:53:37','77772019032811000917',NULL,0,'2019-03-28 16:53:38'),(93,3,'985691007800','13201903281709146629',11.00,'USD',3,'2019-03-28 17:10:51','77772019032811000918',NULL,0,'2019-03-28 17:10:52');

#
# Structure for table "user_order_detail"
#

CREATE TABLE `user_order_detail` (
  `id` bigint(20) NOT NULL AUTO_INCREMENT COMMENT '订单详情ID',
  `order_id` bigint(20) NOT NULL COMMENT 'user_order订单表主键',
  `diag_soft_price_id` bigint(20) DEFAULT NULL COMMENT '诊断软件价格表ID',
  `soft_name` varchar(50) DEFAULT NULL COMMENT '软件名称',
  `remark` varchar(500) DEFAULT NULL COMMENT '备注',
  PRIMARY KEY (`id`)
) ENGINE=InnoDB AUTO_INCREMENT=4 DEFAULT CHARSET=utf8mb4 COMMENT='订单详情表';

#
# Data for table "user_order_detail"
#

INSERT INTO `user_order_detail` VALUES (1,91,6,'AUDI',NULL),(2,92,9,'AUDI',NULL),(3,93,9,'AUDI',NULL);

#
# Structure for table "user_recharge_record"
#

CREATE TABLE `user_recharge_record` (
  `id` bigint(20) NOT NULL AUTO_INCREMENT COMMENT '订单主键',
  `order_no` varchar(18) NOT NULL COMMENT '订单号',
  `user_id` bigint(20) NOT NULL COMMENT 'APP用户Id',
  `diag_money` decimal(11,2) DEFAULT NULL COMMENT '诊断金额（未打折金额）',
  `discounts_money` decimal(11,2) DEFAULT NULL COMMENT '优惠金额',
  `real_total_money` decimal(11,2) NOT NULL COMMENT '实际付款金额：进行各种折扣之后的金额',
  `pay_type` int(1) DEFAULT '1' COMMENT '支付方式:0:货到付款 1:在线支付(暂时都是1)',
  `pay_from` int(1) NOT NULL COMMENT '支付来源:1:支付宝，2：微信',
  `is_pay` int(1) DEFAULT '0' COMMENT '是否支付:0:未支付 1:已支付',
  `remark` varchar(200) DEFAULT NULL COMMENT '订单备注',
  `status` int(1) DEFAULT '0' COMMENT '状态 0正常 1删除',
  `create_time` datetime NOT NULL COMMENT '订单创建时间',
  `update_time` datetime DEFAULT NULL COMMENT '更改时间',
  PRIMARY KEY (`id`)
) ENGINE=InnoDB AUTO_INCREMENT=45 DEFAULT CHARSET=utf8mb4 COMMENT='充值记录表';

#
# Data for table "user_recharge_record"
#

INSERT INTO `user_recharge_record` VALUES (1,'201808311731374083',4,NULL,NULL,500.00,1,1,0,NULL,0,'2018-08-31 17:31:39','2018-08-31 17:31:39'),(2,'201808311749239893',4,NULL,NULL,500.00,1,1,0,NULL,0,'2018-08-31 17:49:24','2018-08-31 17:49:24'),(3,'201808311749520411',4,NULL,NULL,500.00,1,1,0,NULL,0,'2018-08-31 17:49:53','2018-08-31 17:49:53'),(4,'201808311811189120',4,NULL,NULL,300.00,1,1,0,NULL,0,'2018-08-31 18:11:20','2018-08-31 18:11:20'),(5,'201808311815077150',4,NULL,NULL,100.00,1,1,0,NULL,0,'2018-08-31 18:15:08','2018-08-31 18:15:08'),(10,'201809011426472255',4,NULL,NULL,300.00,1,1,0,NULL,0,'2018-09-01 14:26:48','2018-09-01 14:26:48'),(12,'201809011525307304',4,NULL,NULL,300.00,1,1,0,NULL,0,'2018-09-01 15:25:31','2018-09-01 15:25:31'),(25,'201809040912592656',4,NULL,NULL,100.00,1,1,0,NULL,0,'2018-09-04 09:13:00','2018-09-04 09:13:00'),(26,'201809040913329191',4,NULL,NULL,100.00,1,1,1,NULL,0,'2018-09-04 09:13:33','2018-09-04 09:13:33'),(31,'201809041753221785',4,NULL,NULL,0.00,1,1,1,NULL,1,'2018-09-04 17:53:23','2018-09-04 17:53:23'),(36,'201809051104157029',7,NULL,NULL,300.00,1,1,1,NULL,0,'2018-09-05 11:04:16','2018-09-05 11:04:16'),(37,'201809051105378004',7,NULL,NULL,500.00,1,1,1,NULL,0,'2018-09-05 11:05:38','2018-09-05 11:05:38'),(38,'201809051445239453',4,NULL,NULL,1000.00,1,1,0,NULL,0,'2018-09-05 14:45:24','2018-09-05 14:45:24'),(39,'201809101410220623',7,NULL,NULL,300.00,1,1,1,NULL,0,'2018-09-10 14:10:25','2018-09-10 14:10:25'),(40,'201809112050351697',4,NULL,NULL,500.00,1,1,0,NULL,0,'2018-09-11 20:50:38','2018-09-11 20:50:38'),(41,'201809140955165174',2,NULL,NULL,12.00,1,1,1,NULL,0,'2018-09-14 10:30:11','2018-09-14 10:30:11'),(42,'201809141035141492',4,NULL,NULL,1000.00,1,1,1,NULL,0,'2018-09-14 10:35:48','2018-09-14 10:35:48'),(43,'201809211456293332',7,NULL,NULL,8.00,1,1,1,NULL,0,'2018-09-21 14:57:27','2018-09-21 14:57:27'),(44,'201809211753313301',7,NULL,NULL,8.00,1,1,1,NULL,0,'2018-09-21 17:54:18','2018-09-21 17:54:18');

#
# Structure for table "znhy_account"
#

CREATE TABLE `znhy_account` (
  `id` int(11) NOT NULL AUTO_INCREMENT COMMENT 'id主键',
  `name` varchar(50) DEFAULT NULL COMMENT '名字',
  `bank_card` varchar(30) DEFAULT NULL COMMENT '银行卡',
  `we_chat` varchar(50) DEFAULT NULL COMMENT '微信账号',
  `alipay` varchar(50) DEFAULT NULL COMMENT '支付宝账号',
  `paypal` varchar(50) DEFAULT NULL COMMENT 'paypal账号',
  `telephone` varchar(15) DEFAULT NULL COMMENT '电话号码',
  `email` varchar(50) DEFAULT NULL COMMENT '邮箱',
  `create_date` datetime DEFAULT NULL COMMENT '创建日期',
  `account_id` varchar(50) DEFAULT NULL COMMENT '钱包地址id',
  `creator` varchar(40) DEFAULT NULL COMMENT '创建者',
  `update_date` datetime DEFAULT NULL COMMENT '更新时间',
  `updator` varchar(40) DEFAULT NULL COMMENT '更新者',
  PRIMARY KEY (`id`)
) ENGINE=InnoDB AUTO_INCREMENT=9 DEFAULT CHARSET=utf8mb4 COMMENT='智能合约账户表';

#
# Data for table "znhy_account"
#

INSERT INTO `znhy_account` VALUES (1,'李平',NULL,NULL,'15361664121',NULL,'15361664121',NULL,'2019-03-01 15:10:01','0xb41acdfd2bdaf1d90a070cd43e1c1277e1aaf2d6',NULL,'2019-03-04 11:23:34',NULL),(2,'欧祥瑞',NULL,NULL,'18617086698',NULL,'18617086698',NULL,'2019-03-01 15:21:20','0xd78062de5ca25f7fe1b6a48454529118c8bf1a74',NULL,'2019-03-01 15:21:24',NULL),(7,'恰子',NULL,NULL,'15311111111',NULL,'15311111111',NULL,'2019-04-17 16:15:15','0xe282d51e2e197ae5a570c2b27229758d6e88c016',NULL,'2019-04-17 16:16:42',NULL),(8,'段宗明',NULL,NULL,'13723765936',NULL,'13723765936',NULL,'2019-04-18 11:28:12','0xf04403d39f1b27a7221439d0686a0d804bf1eb81',NULL,'2019-04-18 11:28:56',NULL);

#
# Structure for table "znhy_allocation_group"
#

CREATE TABLE `znhy_allocation_group` (
  `job_group_id` int(11) NOT NULL AUTO_INCREMENT COMMENT '分配组id',
  `group_name` varchar(50) DEFAULT NULL COMMENT '分配组名称',
  `creator` varchar(40) DEFAULT NULL COMMENT '创建者姓名',
  `create_date` datetime DEFAULT NULL COMMENT '创建时间',
  `updator` varchar(40) DEFAULT NULL COMMENT '更新者姓名',
  `update_date` datetime DEFAULT NULL COMMENT '更新时间',
  PRIMARY KEY (`job_group_id`)
) ENGINE=InnoDB AUTO_INCREMENT=27 DEFAULT CHARSET=utf8mb4 COMMENT='智能合约分配组表';

#
# Data for table "znhy_allocation_group"
#

INSERT INTO `znhy_allocation_group` VALUES (24,'智能合约分配',NULL,'2019-03-04 13:53:03',NULL,NULL),(25,'分账规则46开',NULL,'2019-04-18 10:32:18',NULL,NULL),(26,'评断智能合约分账规则',NULL,'2019-04-18 11:31:03',NULL,NULL);

#
# Structure for table "znhy_allocation"
#

CREATE TABLE `znhy_allocation` (
  `id` int(11) NOT NULL AUTO_INCREMENT COMMENT 'id',
  `job_group_id` int(11) DEFAULT NULL COMMENT '分配组id',
  `creator_id` varchar(50) DEFAULT NULL COMMENT '创建分配表的账户ID',
  `name` varchar(50) DEFAULT NULL COMMENT '数字资产名字',
  `assets_type` varchar(40) DEFAULT NULL COMMENT '数字资产类型',
  `create_date` datetime DEFAULT NULL COMMENT '后台创建时间',
  `allocation_id` varchar(70) DEFAULT NULL COMMENT '分配表链上ID',
  `creator` varchar(40) DEFAULT NULL COMMENT '记录后台创建者',
  `updator` varchar(40) DEFAULT NULL COMMENT '后台记录更新者',
  `update_date` datetime DEFAULT NULL COMMENT '后台更新时间',
  PRIMARY KEY (`id`),
  UNIQUE KEY `uk_znhy_allo_name` (`name`),
  KEY `FK_allocation_allocation_group` (`job_group_id`),
  CONSTRAINT `FK_allocation_allocation_group` FOREIGN KEY (`job_group_id`) REFERENCES `znhy_allocation_group` (`job_group_id`)
) ENGINE=InnoDB AUTO_INCREMENT=11 DEFAULT CHARSET=utf8mb4 COMMENT='智能合约分配表';

#
# Data for table "znhy_allocation"
#

INSERT INTO `znhy_allocation` VALUES (1,24,'0xd78062de5ca25f7fe1b6a48454529118c8bf1a74','985691007800','0','2019-03-04 14:13:46','f18018ca878dcac5b67ba82c12f5aebcb60e283535fcb4dfce329fc17ceca553',NULL,NULL,'2019-03-04 15:23:29'),(10,26,'0xb41acdfd2bdaf1d90a070cd43e1c1277e1aaf2d6','985691026800','0','2019-04-18 16:53:36','92f0a4dfa43bc4bd47cc9b6f4dde5e72d1b321e39ac8de3d72f1b02a3937e92a',NULL,NULL,'2019-04-18 16:53:54');

#
# Structure for table "znhy_allocation_rule"
#

CREATE TABLE `znhy_allocation_rule` (
  `job_group_id` int(11) DEFAULT NULL COMMENT '分配组id',
  `job` varchar(50) DEFAULT NULL COMMENT '角色',
  `radios` double DEFAULT NULL COMMENT '分配比例',
  `account_id` varchar(50) DEFAULT NULL COMMENT '角色钱包地址id',
  KEY `FK_znhy_allocation_rule_znhy_allocation_group` (`job_group_id`),
  CONSTRAINT `FK_znhy_allocation_rule_znhy_allocation_group` FOREIGN KEY (`job_group_id`) REFERENCES `znhy_allocation_group` (`job_group_id`)
) ENGINE=InnoDB DEFAULT CHARSET=utf8mb4 COMMENT='分配组内具体规则表';

#
# Data for table "znhy_allocation_rule"
#

INSERT INTO `znhy_allocation_rule` VALUES (24,'平台',0.5,'0xd78062de5ca25f7fe1b6a48454529118c8bf1a74'),(24,'开发',0.5,'0xb41acdfd2bdaf1d90a070cd43e1c1277e1aaf2d6'),(25,'酱油狼',0.4,'0xe282d51e2e197ae5a570c2b27229758d6e88c016'),(25,'开发工程师',0.6,'0xb41acdfd2bdaf1d90a070cd43e1c1277e1aaf2d6'),(26,'高级工程师',0.3,'0xf04403d39f1b27a7221439d0686a0d804bf1eb81'),(26,'java工程师',0.7,'0xb41acdfd2bdaf1d90a070cd43e1c1277e1aaf2d6');

#
# Structure for table "znhy_order_allocate_fail"
#

CREATE TABLE `znhy_order_allocate_fail` (
  `order_id` int(11) DEFAULT NULL COMMENT '订单id',
  `serial_no` varchar(50) DEFAULT NULL COMMENT '序列号',
  `code` int(11) DEFAULT NULL COMMENT '错误code',
  `message` varchar(500) DEFAULT NULL COMMENT '错误消息',
  `success` tinyint(1) DEFAULT NULL COMMENT '是否已经成功',
  `create_time` timestamp NULL DEFAULT NULL COMMENT '创建时间'
) ENGINE=InnoDB DEFAULT CHARSET=utf8mb4 COMMENT='智能合约订单分配失败表';

#
# Data for table "znhy_order_allocate_fail"
#


#
# Procedure "insert_ra_pro"
#

CREATE PROCEDURE `insert_ra_pro`(IN roleId long)
BEGIN
	DECLARE text_sql text;  -- 执行的SQL语句
	DECLARE temp_id int(11) default 0;

	DECLARE cur_end int(11) default 1;
  -- 定义一个游标
  declare cur_reson cursor for select id from sys_authority where resource_type = 5;
	DECLARE EXIT HANDLER FOR NOT FOUND SET cur_end = 0;


	-- 打开游标
  open cur_reson;
			while cur_end > 0 DO
					-- 迭代游标
          fetch cur_reson into temp_id;
					
								set text_sql = CONCAT('insert into sys_role_authority (role_id,resource_id) values (',roleId,',',temp_id,')');              
                 
                select text_sql;    

                SET @sql_text = text_sql;
                PREPARE stmt FROM @sql_text;
                EXECUTE stmt;
                DEALLOCATE PREPARE stmt;

			end while;
	
	close cur_reson;
	

end;
